customer_id;name;nik_masked;email;phone;city;province;dob;gender;kyc_status;registration_date;referral_code
NBC0001;Hendra Salim;357859******;hendra.salim973@gmail.com;87275571928;Surabaya;Jawa Timur;18/06/1991;Male;verified;26/03/2024;REF-5566
NBC0002;Fajar Saputra;327373******;fajar.saputra531@hotmail.com;87144739473;Yogyakarta;DI Yogyakarta;02/07/1980;Male;rejected;05/10/2022;
NBC0003;Cahyo Halim;327197******;cahyo.halim991@outlook.com;88518844225;Jakarta;DKI Jakarta;27/10/1997;Male;unverified;05/04/2023;REF-4292
NBC0004;Putri Darmawan;317156******;putri.darmawan568@outlook.com;85829114678;Bogor;Jawa Barat;05/06/1993;Female;pending;18/04/2024;
NBC0005;Taufik Kusuma;127169******;taufik.kusuma697@outlook.com;82892268018;Surabaya;Jawa Timur;12/11/1981;Male;verified;15/09/2023;REF-6286
NBC0006;Nadia Rahman;167146******;nadia.rahman867@gmail.com;83384249818;Medan;Sumatera Utara;02/10/2003;Female;pending;12/12/2022;REF-3526
NBC0007;Rangga Mahendra;517115******;rangga.mahendra846@gmail.com;81094396907;Semarang;Jawa Tengah;18/02/2003;Male;rejected;22/01/2025;REF-5949
NBC0008;Arif Wardana;347168******;arif.wardana75@gmail.com;82767735925;Medan;Sumatera Utara;28/04/1989;Male;verified;09/12/2023;
NBC0009;Wahyu Cahyadi;167123******;wahyu.cahyadi327@yahoo.com;85147321046;Medan;Sumatera Utara;09/08/2002;Male;verified;06/05/2024;REF-3616
NBC0010;Mira Ramadhan;337430******;mira.ramadhan511@hotmail.com;85470168733;Jakarta;DKI Jakarta;02/03/2001;Female;verified;24/12/2023;REF-5609
NBC0011;Teguh Effendi;347178******;teguh.effendi9@gmail.com;85245650609;Semarang;Jawa Tengah;14/03/2000;Male;verified;03/02/2023;REF-5728
NBC0012;Irfan Halim;167145******;irfan.halim846@gmail.com;82165585239;Medan;Sumatera Utara;02/11/1997;Male;verified;02/04/2024;REF-1742
NBC0013;Cahyo Mahendra;127176******;cahyo.mahendra468@yahoo.com;87825952694;Tangerang;Banten;19/08/2001;Male;verified;20/11/2023;REF-9351
NBC0014;Cahyo Firmansyah;127112******;cahyo.firmansyah378@outlook.com;88169409749;Bali;Bali;28/11/2000;Male;unverified;12/04/2023;
NBC0015;Jihan Budiman;517158******;jihan.budiman152@yahoo.com;81913075626;Yogyakarta;DI Yogyakarta;22/12/2005;Female;verified;22/02/2023;REF-8726
NBC0016;Zulfa Santoso;327376******;zulfa.santoso213@outlook.com;88786527858;Jakarta;DKI Jakarta;22/11/1990;Female;verified;26/06/2023;REF-4150
NBC0017;Sari Firmansyah;337448******;sari.firmansyah790@outlook.com;88375758441;Jakarta;DKI Jakarta;21/09/2000;Female;unverified;17/01/2025;REF-7464
NBC0018;Bilqis Hidayat;347115******;bilqis.hidayat295@gmail.com;83747338484;Semarang;Jawa Tengah;27/02/1981;Female;verified;12/08/2022;REF-4920
NBC0019;Yoga Budiman;337491******;yoga.budiman239@gmail.com;81657120826;Bandung;Jawa Barat;14/04/2004;Male;verified;01/09/2024;REF-4267
NBC0020;Tika Ramadhan;347192******;tika.ramadhan61@gmail.com;88938026206;Jakarta;DKI Jakarta;22/03/1997;Female;verified;17/01/2023;
NBC0021;Tika Wijaya;317148******;tika.wijaya582@gmail.com;83478872874;Banjarmasin;Kalimantan Selatan;26/08/1983;Female;verified;19/08/2022;REF-8518
NBC0022;Winda Permana;317153******;winda.permana810@outlook.com;87329668516;Surabaya;Jawa Timur;08/01/2005;Female;verified;15/07/2022;REF-3303
NBC0023;Nanda Pratama;347159******;nanda.pratama242@hotmail.com;83549904530;Semarang;Jawa Tengah;15/12/2004;Male;verified;31/08/2022;REF-3616
NBC0024;Irfan Firmansyah;327191******;irfan.firmansyah939@outlook.com;83933272795;Yogyakarta;DI Yogyakarta;27/08/1993;Male;verified;29/01/2025;
NBC0025;Tania Anwar;337497******;tania.anwar773@gmail.com;87785191088;Bali;Bali;26/01/1984;Female;verified;04/01/2025;REF-6375
NBC0026;Erika Sugiarto;337484******;erika.sugiarto501@gmail.com;87707286790;Surabaya;Jawa Timur;25/01/2000;Female;unverified;04/08/2024;REF-6049
NBC0027;Bella Susanto;317137******;bella.susanto593@gmail.com;81651801704;Yogyakarta;DI Yogyakarta;04/05/1993;Female;rejected;04/01/2023;
NBC0028;Yanti Yudha;357858******;yanti.yudha460@hotmail.com;85182512868;Banjarmasin;Kalimantan Selatan;17/09/1980;Female;verified;02/04/2023;
NBC0029;Ulfa Gunawan;167164******;ulfa.gunawan545@hotmail.com;82375243106;Semarang;Jawa Tengah;01/08/2002;Female;verified;02/02/2022;REF-2102
NBC0030;Rizki Halim;517196******;rizki.halim721@gmail.com;82067383028;Manado;Sulawesi Utara;23/12/1987;Male;verified;25/04/2023;
NBC0031;Vina Ramadhan;337448******;vina.ramadhan898@yahoo.com;88836440892;Surabaya;Jawa Timur;30/01/2003;Female;rejected;24/05/2024;REF-1768
NBC0032;Sinta Tanjung;167150******;sinta.tanjung714@hotmail.com;85246287334;Bandung;Jawa Barat;23/06/1981;Female;pending;06/08/2024;
NBC0033;Cindy Budiman;327359******;cindy.budiman249@outlook.com;82517518304;Bandung;Jawa Barat;02/12/1991;Female;verified;22/03/2022;
NBC0034;Galih Anwar;127136******;galih.anwar891@outlook.com;83033173936;Bandung;Jawa Barat;26/09/1985;Male;verified;21/10/2023;
NBC0035;Kevin Rahman;347143******;kevin.rahman369@hotmail.com;85175355609;Banjarmasin;Kalimantan Selatan;04/12/1984;Male;verified;26/10/2022;REF-7841
NBC0036;Krisna Mahendra;337458******;krisna.mahendra584@yahoo.com;85854777252;Balikpapan;Kalimantan Timur;12/04/1981;Male;verified;24/01/2025;REF-9882
NBC0037;Citra Budiman;317119******;citra.budiman968@gmail.com;81623120387;Jakarta;DKI Jakarta;28/09/1991;Female;verified;04/05/2022;REF-8916
NBC0038;Ayu Pratama;167180******;ayu.pratama422@gmail.com;81848408621;Bandung;Jawa Barat;28/04/1979;Female;unverified;09/12/2024;REF-4144
NBC0039;Rina Rahman;347160******;rina.rahman81@outlook.com;85793341016;Manado;Sulawesi Utara;05/01/1992;Female;verified;12/02/2024;REF-1919
NBC0040;Vivi Maulana;327173******;vivi.maulana866@hotmail.com;88591803397;Jakarta;DKI Jakarta;28/02/1987;Female;rejected;06/04/2022;
NBC0041;Sari Aditya;517194******;sari.aditya34@yahoo.com;83039261429;Surabaya;Jawa Timur;14/10/1985;Female;verified;07/03/2024;REF-9856
NBC0042;Galih Nugroho;327174******;galih.nugroho764@outlook.com;81163159996;Jakarta;DKI Jakarta;22/08/1989;Male;verified;02/03/2022;REF-8381
NBC0043;Vino Tanjung;327533******;vino.tanjung697@hotmail.com;81943114262;Surabaya;Jawa Timur;23/06/1992;Male;unverified;11/10/2023;REF-2499
NBC0044;Surya Halim;357844******;surya.halim105@yahoo.com;81267888610;Bali;Bali;08/01/1979;Male;pending;26/12/2023;REF-6315
NBC0045;Siti Hakim;327559******;siti.hakim798@gmail.com;88839826224;Semarang;Jawa Tengah;04/07/1988;Female;verified;04/07/2023;REF-2036
NBC0046;Putra Yudha;347171******;putra.yudha802@gmail.com;83437993712;Semarang;Jawa Tengah;31/08/1988;Male;verified;14/01/2022;
NBC0047;Rangga Tanjung;357866******;rangga.tanjung343@hotmail.com;88924593752;Surabaya;Jawa Timur;11/11/1992;Male;verified;16/10/2023;REF-9044
NBC0048;Putri Ramadhan;327545******;putri.ramadhan837@hotmail.com;83193982807;Yogyakarta;DI Yogyakarta;27/05/1984;Female;verified;16/06/2024;
NBC0049;Dewi Yudha;127127******;dewi.yudha649@outlook.com;82426617979;Surabaya;Jawa Timur;23/12/1992;Female;pending;30/12/2024;REF-7853
NBC0050;Wahyu Aditya;517191******;wahyu.aditya937@gmail.com;81352909656;Jakarta;DKI Jakarta;02/10/1979;Male;unverified;22/01/2022;REF-4637
NBC0051;Jaka Lestari;127157******;jaka.lestari401@hotmail.com;88982507146;Jakarta;DKI Jakarta;07/11/1978;Male;verified;26/08/2022;
NBC0052;Yuni Firmansyah;357868******;yuni.firmansyah804@yahoo.com;87757177514;Medan;Sumatera Utara;02/01/1977;Female;verified;24/08/2022;REF-6620
NBC0053;Umi Maulana;337476******;umi.maulana179@yahoo.com;83867362266;Jakarta;DKI Jakarta;23/04/1976;Female;pending;09/02/2023;REF-8037
NBC0054;Cahyo Anwar;337445******;cahyo.anwar771@gmail.com;87182553714;Surabaya;Jawa Timur;31/01/2005;Male;verified;29/09/2024;REF-6134
NBC0055;Prita Wardana;517124******;prita.wardana357@outlook.com;85924991251;Yogyakarta;DI Yogyakarta;13/09/1985;Female;verified;18/09/2023;REF-7116
NBC0056;Intan Tanjung;327586******;intan.tanjung142@hotmail.com;85278282742;Medan;Sumatera Utara;24/05/1983;Female;verified;07/10/2023;
NBC0057;Yuni Pratama;127127******;yuni.pratama200@hotmail.com;87876767721;Surabaya;Jawa Timur;12/05/2000;Female;verified;05/03/2022;
NBC0058;Rizki Iskandar;337478******;rizki.iskandar296@yahoo.com;85978819148;Surabaya;Jawa Timur;16/06/1991;Male;verified;15/01/2025;
NBC0059;Dwi Halim;167137******;dwi.halim436@gmail.com;88340745171;Bali;Bali;18/08/1985;Male;verified;06/03/2023;
NBC0060;Yuni Zulkarnain;327388******;yuni.zulkarnain143@yahoo.com;82095849825;Jakarta;DKI Jakarta;16/02/1988;Female;rejected;16/08/2023;REF-9428
NBC0061;Umi Hartono;327362******;umi.hartono941@gmail.com;83223253672;Jakarta;DKI Jakarta;25/11/2000;Female;pending;05/07/2023;REF-7146
NBC0062;Satria Setiawan;327575******;satria.setiawan768@outlook.com;88577590175;Bandung;Jawa Barat;03/11/1977;Male;verified;30/12/2024;REF-8039
NBC0063;Hesti Iskandar;357846******;hesti.iskandar346@yahoo.com;87750017012;Tangerang;Banten;18/10/1994;Female;verified;23/07/2024;REF-8009
NBC0064;Bambang Nugroho;347130******;bambang.nugroho896@outlook.com;81541520643;Jakarta;DKI Jakarta;03/04/1994;Male;verified;06/07/2022;
NBC0065;Ganesha Kusuma;327385******;ganesha.kusuma232@hotmail.com;81051627136;Yogyakarta;DI Yogyakarta;03/01/1979;Male;verified;29/07/2022;REF-7022
NBC0066;Hani Tanjung;327392******;hani.tanjung694@yahoo.com;81890927532;Jakarta;DKI Jakarta;20/06/1993;Female;verified;25/06/2024;
NBC0067;Eko Nugroho;327185******;eko.nugroho748@hotmail.com;83652341389;Jakarta;DKI Jakarta;30/11/2001;Male;unverified;07/08/2023;
NBC0068;Tania Firmansyah;337476******;tania.firmansyah622@yahoo.com;88640376137;Jakarta;DKI Jakarta;16/08/2003;Female;pending;26/05/2022;REF-1197
NBC0069;Vina Nugroho;327582******;vina.nugroho431@outlook.com;87271091043;Yogyakarta;DI Yogyakarta;14/10/1976;Female;verified;04/05/2022;
NBC0070;Rio Cahyadi;327564******;rio.cahyadi719@hotmail.com;81889241418;Jakarta;DKI Jakarta;12/02/1984;Male;verified;15/11/2022;REF-7401
NBC0071;Aisyah Kusuma;347199******;aisyah.kusuma448@yahoo.com;81316179904;Jakarta;DKI Jakarta;17/11/2004;Female;verified;26/12/2022;REF-3248
NBC0072;Jihan Darmawan;357876******;jihan.darmawan530@outlook.com;82524105648;Jakarta;DKI Jakarta;12/11/1977;Female;verified;23/06/2023;
NBC0073;Dewi Darmawan;127175******;dewi.darmawan369@gmail.com;85925241913;Makassar;Sulawesi Selatan;28/10/1997;Female;verified;06/01/2022;REF-1201
NBC0074;Ganesha Salim;327529******;ganesha.salim184@gmail.com;87635365419;Jakarta;DKI Jakarta;22/09/1991;Male;verified;02/09/2022;REF-1862
NBC0075;Jaka Wijaya;327518******;jaka.wijaya899@hotmail.com;83451870534;Jakarta;DKI Jakarta;16/04/2000;Male;unverified;15/09/2023;
NBC0076;Wahyu Darmawan;337479******;wahyu.darmawan779@yahoo.com;82060385050;Jakarta;DKI Jakarta;26/06/2004;Male;verified;10/02/2024;
NBC0077;Fitri Anwar;167140******;fitri.anwar430@hotmail.com;81241038657;Bandung;Jawa Barat;23/10/1978;Female;rejected;15/07/2022;REF-7461
NBC0078;Maulana Santoso;327594******;maulana.santoso988@yahoo.com;82445655743;Jakarta;DKI Jakarta;08/05/1978;Male;verified;20/02/2023;REF-2785
NBC0079;Iwan Halim;127150******;iwan.halim417@gmail.com;87537474112;Yogyakarta;DI Yogyakarta;10/10/2005;Male;verified;16/09/2023;
NBC0080;Bunga Anwar;357828******;bunga.anwar94@yahoo.com;83680442067;Bali;Bali;09/12/1999;Female;unverified;31/01/2025;REF-8570
NBC0081;Gilang Sugiarto;317117******;gilang.sugiarto851@yahoo.com;82365199410;Semarang;Jawa Tengah;22/11/1977;Male;verified;09/02/2023;
NBC0082;Gilang Setiawan;357825******;gilang.setiawan44@hotmail.com;81296670662;Manado;Sulawesi Utara;17/11/1990;Male;verified;16/03/2023;
NBC0083;Dedi Hidayat;317188******;dedi.hidayat635@yahoo.com;88476870146;Bali;Bali;26/02/1981;Male;verified;08/05/2024;REF-9614
NBC0084;Kevin Saputra;327555******;kevin.saputra492@hotmail.com;83985642059;Surabaya;Jawa Timur;28/10/1984;Male;verified;02/03/2022;
NBC0085;Citra Effendi;167155******;citra.effendi786@yahoo.com;82133480396;Padang;Sumatera Barat;01/12/1990;Female;pending;22/12/2022;REF-6210
NBC0086;Vivi Rahman;517113******;vivi.rahman721@outlook.com;87929378427;Surabaya;Jawa Timur;13/09/1976;Female;pending;04/07/2022;REF-4584
NBC0087;Ganesha Pratama;357888******;ganesha.pratama207@yahoo.com;83250029218;Bogor;Jawa Barat;15/05/1991;Male;pending;29/05/2022;REF-7481
NBC0088;Wulan Firmansyah;357827******;wulan.firmansyah162@hotmail.com;88752895392;Jakarta;DKI Jakarta;22/12/1991;Female;verified;21/09/2023;
NBC0089;Joko Pratama;517160******;joko.pratama872@gmail.com;82959391725;Jakarta;DKI Jakarta;28/06/1978;Male;verified;03/05/2023;REF-6234
NBC0090;Dimas Mahendra;127111******;dimas.mahendra272@yahoo.com;82154100676;Surabaya;Jawa Timur;18/06/1982;Male;unverified;27/04/2024;REF-7204
NBC0091;Yusuf Hartono;127183******;yusuf.hartono667@yahoo.com;82710405411;Semarang;Jawa Tengah;02/05/1990;Male;verified;15/12/2022;
NBC0092;Bayu Setiawan;357886******;bayu.setiawan629@hotmail.com;88062962015;Bandung;Jawa Barat;21/03/1984;Male;verified;25/01/2023;REF-9849
NBC0093;Rio Firmansyah;337422******;rio.firmansyah51@hotmail.com;87872050614;Jakarta;DKI Jakarta;11/09/2004;Male;unverified;10/09/2024;REF-1421
NBC0094;Satria Hakim;327170******;satria.hakim865@gmail.com;83677418625;Yogyakarta;DI Yogyakarta;10/02/1992;Male;verified;27/01/2024;REF-1731
NBC0095;Faisal Susanto;337444******;faisal.susanto578@gmail.com;82115869380;Jakarta;DKI Jakarta;13/05/1992;Male;unverified;06/12/2024;REF-9773
NBC0096;Gracia Wibowo;127148******;gracia.wibowo81@hotmail.com;88089899217;Semarang;Jawa Tengah;03/10/1982;Female;verified;09/12/2022;
NBC0097;Hani Wijaya;327520******;hani.wijaya700@hotmail.com;82294511686;Surabaya;Jawa Timur;06/10/1999;Female;rejected;30/10/2023;
NBC0098;Budi Budiman;327524******;budi.budiman425@yahoo.com;82999119148;Jakarta;DKI Jakarta;04/06/1990;Male;verified;21/04/2024;REF-8955
NBC0099;Gracia Wijaya;327345******;gracia.wijaya413@yahoo.com;87960653074;Jakarta;DKI Jakarta;16/09/1991;Female;pending;11/02/2022;REF-5965
NBC0100;Haris Hartono;337427******;haris.hartono308@hotmail.com;83469137367;Jakarta;DKI Jakarta;03/03/1998;Male;verified;05/02/2024;
NBC0101;Iwan Kusuma;347174******;iwan.kusuma414@yahoo.com;87902330307;Yogyakarta;DI Yogyakarta;08/04/1977;Male;pending;09/01/2024;
NBC0102;Faisal Cahyadi;327591******;faisal.cahyadi946@gmail.com;88035797279;Bandung;Jawa Barat;25/09/1999;Male;verified;18/12/2023;REF-5237
NBC0103;Vivi Setiawan;347113******;vivi.setiawan396@gmail.com;82933334680;Jakarta;DKI Jakarta;08/08/2005;Female;pending;19/01/2022;REF-3167
NBC0104;Olivia Pratama;337442******;olivia.pratama623@outlook.com;88466574374;Surabaya;Jawa Timur;18/05/2005;Female;pending;02/12/2024;
NBC0105;Eko Pratama;167194******;eko.pratama990@outlook.com;87994417154;Bandung;Jawa Barat;26/09/2003;Male;verified;28/10/2023;
NBC0106;Cahyo Firmansyah;337429******;cahyo.firmansyah530@yahoo.com;81965207446;Bandung;Jawa Barat;23/02/1993;Male;verified;06/03/2024;
NBC0107;Mira Suryadi;357838******;mira.suryadi703@hotmail.com;88584282417;Bogor;Jawa Barat;27/09/1980;Female;unverified;14/06/2023;
NBC0108;Kartika Mahendra;327138******;kartika.mahendra364@yahoo.com;88465549471;Surabaya;Jawa Timur;09/02/1996;Female;verified;20/04/2022;
NBC0109;Prita Kusuma;127134******;prita.kusuma513@gmail.com;88684602235;Jakarta;DKI Jakarta;10/05/1993;Female;verified;26/07/2024;REF-3954
NBC0110;Hesti Mahendra;327350******;hesti.mahendra650@gmail.com;81743292712;Bandung;Jawa Barat;25/07/2002;Female;verified;07/06/2024;REF-7609
NBC0111;Ganesha Tanjung;317114******;ganesha.tanjung547@yahoo.com;88505830033;Padang;Sumatera Barat;12/06/1990;Male;verified;02/10/2023;REF-7284
NBC0112;Surya Maulana;327115******;surya.maulana306@outlook.com;85898562575;Jakarta;DKI Jakarta;15/06/1983;Male;verified;04/12/2022;
NBC0113;Bella Saputra;337438******;bella.saputra745@yahoo.com;82098215064;Yogyakarta;DI Yogyakarta;27/12/1998;Female;verified;10/04/2022;REF-1785
NBC0114;Sinta Saputra;317198******;sinta.saputra119@hotmail.com;85618472304;Bandung;Jawa Barat;17/11/1993;Female;verified;26/07/2022;REF-5423
NBC0115;Vivi Nugroho;327523******;vivi.nugroho524@gmail.com;83117393483;Bandung;Jawa Barat;21/01/1991;Female;unverified;19/04/2024;REF-1645
NBC0116;Luki Effendi;357840******;luki.effendi3@gmail.com;88119721811;Jakarta;DKI Jakarta;24/06/1986;Male;verified;19/04/2023;REF-5850
NBC0117;Andi Hartono;327315******;andi.hartono873@outlook.com;83561100225;Bandung;Jawa Barat;14/01/1991;Male;verified;15/06/2024;
NBC0118;Dwi Setiawan;357853******;dwi.setiawan188@gmail.com;85674676212;Bandung;Jawa Barat;18/08/1977;Male;verified;23/11/2022;REF-8908
NBC0119;Umi Halim;327388******;umi.halim389@outlook.com;87027716701;Jakarta;DKI Jakarta;26/09/1986;Female;unverified;06/10/2023;REF-9598
NBC0120;Mira Lestari;357876******;mira.lestari536@gmail.com;85375628900;Jakarta;DKI Jakarta;11/11/2003;Female;rejected;18/11/2022;REF-8688
NBC0121;Jihan Kusuma;127151******;jihan.kusuma247@outlook.com;83083866317;Jakarta;DKI Jakarta;04/12/1994;Female;verified;06/07/2024;REF-9166
NBC0122;Fajar Darmawan;317123******;fajar.darmawan414@hotmail.com;81880199488;Medan;Sumatera Utara;12/04/1984;Male;unverified;23/07/2024;
NBC0123;Andi Lestari;127152******;andi.lestari574@hotmail.com;88571130554;Jakarta;DKI Jakarta;27/07/1999;Male;verified;05/12/2024;REF-2741
NBC0124;Iwan Darmawan;327362******;iwan.darmawan110@outlook.com;87331637351;Medan;Sumatera Utara;04/08/1993;Male;verified;06/04/2022;
NBC0125;Novi Sugiarto;127168******;novi.sugiarto675@yahoo.com;85080869782;Jakarta;DKI Jakarta;14/12/2000;Female;verified;22/12/2022;
NBC0126;Yusuf Ramadhan;167159******;yusuf.ramadhan429@yahoo.com;83654722698;Semarang;Jawa Tengah;29/05/1988;Male;verified;26/01/2025;
NBC0127;Lia Anwar;337436******;lia.anwar640@outlook.com;88522885158;Semarang;Jawa Tengah;19/07/1996;Female;verified;04/05/2024;REF-9747
NBC0128;Bagas Pratama;167123******;bagas.pratama26@hotmail.com;82003424420;Malang;Jawa Timur;23/12/2005;Male;rejected;28/08/2023;REF-9866
NBC0129;Dedi Hartono;517196******;dedi.hartono758@yahoo.com;88863840666;Yogyakarta;DI Yogyakarta;25/09/2005;Male;verified;03/10/2023;
NBC0130;Endra Susanto;337489******;endra.susanto890@hotmail.com;82598933472;Jakarta;DKI Jakarta;15/08/2005;Male;verified;02/06/2022;REF-3847
NBC0131;Gita Tanjung;317164******;gita.tanjung286@outlook.com;82294057202;Yogyakarta;DI Yogyakarta;21/06/1989;Female;unverified;15/04/2022;
NBC0132;Tania Firmansyah;127183******;tania.firmansyah564@outlook.com;81583281826;Surabaya;Jawa Timur;12/05/1999;Female;pending;04/01/2025;REF-6724
NBC0133;Luki Mahendra;357856******;luki.mahendra301@yahoo.com;87878015739;Semarang;Jawa Tengah;11/11/2002;Male;unverified;15/05/2023;
NBC0134;Vina Tanjung;327159******;vina.tanjung263@outlook.com;81858877043;Medan;Sumatera Utara;15/05/1989;Female;verified;18/11/2024;REF-2572
NBC0135;Hendra Aditya;167110******;hendra.aditya642@gmail.com;82361386120;Jakarta;DKI Jakarta;07/08/1995;Male;verified;11/11/2023;REF-2200
NBC0136;Oka Kusuma;517139******;oka.kusuma933@outlook.com;85676650618;Jakarta;DKI Jakarta;07/04/1975;Male;verified;10/05/2022;
NBC0137;Vivi Kusuma;357874******;vivi.kusuma109@outlook.com;88491476607;Bandung;Jawa Barat;05/01/1982;Female;verified;28/12/2024;REF-7406
NBC0138;Kirana Hakim;327348******;kirana.hakim694@outlook.com;81882100996;Jakarta;DKI Jakarta;04/02/1999;Female;unverified;26/01/2025;
NBC0139;Endra Rahman;337462******;endra.rahman928@yahoo.com;82239431290;Palembang;Sumatera Selatan;15/08/1999;Male;verified;02/08/2024;REF-2198
NBC0140;Bayu Susanto;327135******;bayu.susanto744@hotmail.com;83523149135;Jakarta;DKI Jakarta;17/10/1996;Male;rejected;11/07/2024;REF-6008
NBC0141;Indah Salim;357864******;indah.salim173@gmail.com;83336452577;Jakarta;DKI Jakarta;23/12/1994;Female;pending;05/01/2024;
NBC0142;Eko Permana;517120******;eko.permana862@outlook.com;82834110809;Yogyakarta;DI Yogyakarta;19/12/2000;Male;verified;09/04/2024;
NBC0143;Rizki Susanto;167179******;rizki.susanto484@yahoo.com;83639427881;Bandung;Jawa Barat;18/10/1992;Male;verified;16/01/2024;REF-4913
NBC0144;Prita Maulana;167127******;prita.maulana457@yahoo.com;82992750373;Jakarta;DKI Jakarta;26/10/1977;Female;unverified;26/06/2023;REF-1701
NBC0145;Jessica Salim;327570******;jessica.salim940@hotmail.com;81051844989;Medan;Sumatera Utara;19/10/1982;Female;verified;11/02/2024;REF-6985
NBC0146;Dewi Budiman;347158******;dewi.budiman997@yahoo.com;87655779082;Jakarta;DKI Jakarta;25/09/1994;Female;verified;06/12/2022;REF-9430
NBC0147;Maya Hidayat;327330******;maya.hidayat371@gmail.com;88365177739;Bali;Bali;26/03/1982;Female;verified;21/04/2024;REF-1706
NBC0148;Naufal Maulana;327390******;naufal.maulana525@gmail.com;87202428699;Surabaya;Jawa Timur;08/08/2003;Male;verified;08/02/2022;
NBC0149;Tika Setiawan;337467******;tika.setiawan622@hotmail.com;85236929298;Palembang;Sumatera Selatan;12/11/1986;Female;verified;10/12/2022;
NBC0150;Faisal Kusuma;337458******;faisal.kusuma395@yahoo.com;81038862912;Jakarta;DKI Jakarta;06/05/1996;Male;verified;21/03/2022;
NBC0151;Galih Sugiarto;327171******;galih.sugiarto676@yahoo.com;87806865086;Jakarta;DKI Jakarta;17/04/1985;Male;verified;14/09/2024;
NBC0152;Naufal Hartono;327527******;naufal.hartono261@hotmail.com;82149864300;Jakarta;DKI Jakarta;04/12/2000;Male;pending;06/12/2024;REF-1117
NBC0153;Luki Ramadhan;327556******;luki.ramadhan110@yahoo.com;85944869594;Surabaya;Jawa Timur;13/07/2005;Male;verified;24/03/2024;
NBC0154;Lukman Effendi;327357******;lukman.effendi573@hotmail.com;83495621372;Bandung;Jawa Barat;01/07/1979;Male;verified;16/03/2023;REF-6544
NBC0155;Prita Santoso;327359******;prita.santoso988@gmail.com;81279611435;Palembang;Sumatera Selatan;04/08/1978;Female;verified;19/03/2022;
NBC0156;Bella Budiman;347186******;bella.budiman59@yahoo.com;88770384309;Jakarta;DKI Jakarta;25/11/1997;Female;verified;22/11/2024;REF-3776
NBC0157;Zahra Wibowo;317130******;zahra.wibowo89@outlook.com;85566938011;Semarang;Jawa Tengah;27/08/1999;Female;verified;06/08/2023;
NBC0158;Novi Rahman;357845******;novi.rahman232@yahoo.com;85690426818;Balikpapan;Kalimantan Timur;31/03/1978;Female;verified;27/10/2024;REF-2917
NBC0159;Rina Aditya;517142******;rina.aditya711@hotmail.com;85973577907;Semarang;Jawa Tengah;19/03/1980;Female;verified;13/06/2023;REF-4610
NBC0160;Nadia Ramadhan;327555******;nadia.ramadhan529@gmail.com;88434165182;Palembang;Sumatera Selatan;17/05/1996;Female;verified;05/10/2023;REF-5408
NBC0161;Endra Suryadi;127135******;endra.suryadi241@yahoo.com;83333395211;Jakarta;DKI Jakarta;09/07/1978;Male;verified;05/10/2024;REF-9871
NBC0162;Gracia Salim;517150******;gracia.salim505@outlook.com;85284639208;Surabaya;Jawa Timur;25/12/1993;Female;verified;06/09/2024;
NBC0163;Vino Wardana;327368******;vino.wardana124@hotmail.com;83003691559;Jakarta;DKI Jakarta;25/08/1986;Male;verified;19/01/2023;REF-4885
NBC0164;Rangga Mahendra;357833******;rangga.mahendra511@hotmail.com;82655647292;Jakarta;DKI Jakarta;31/10/2000;Male;verified;14/04/2023;
NBC0165;Putri Zulkarnain;327535******;putri.zulkarnain150@yahoo.com;85026728857;Bandung;Jawa Barat;16/06/1988;Female;verified;29/05/2023;REF-1781
NBC0166;Bambang Maulana;317137******;bambang.maulana834@outlook.com;85175455884;Medan;Sumatera Utara;09/06/1990;Male;verified;10/02/2022;REF-6752
NBC0167;Olivia Suryadi;517183******;olivia.suryadi666@yahoo.com;83558771694;Bandung;Jawa Barat;21/10/1995;Female;verified;24/10/2022;
NBC0168;Wulan Yudha;517183******;wulan.yudha415@gmail.com;81253554496;Bandung;Jawa Barat;03/03/1987;Female;verified;30/06/2024;
NBC0169;Zulfa Budiman;127162******;zulfa.budiman172@yahoo.com;81234132611;Jakarta;DKI Jakarta;11/11/1977;Female;pending;27/08/2024;REF-1431
NBC0170;Jessica Setiawan;327143******;jessica.setiawan633@yahoo.com;81643347228;Semarang;Jawa Tengah;27/08/1982;Female;verified;28/02/2022;REF-6846
NBC0171;Vina Effendi;127179******;vina.effendi958@outlook.com;87728299796;Surabaya;Jawa Timur;25/06/1998;Female;rejected;29/12/2024;REF-6688
NBC0172;Made Setiawan;127149******;made.setiawan375@hotmail.com;83240082547;Pontianak;Kalimantan Barat;02/01/1999;Male;verified;18/01/2022;REF-9059
NBC0173;Gracia Firmansyah;317165******;gracia.firmansyah818@outlook.com;87308536866;Jakarta;DKI Jakarta;18/03/1986;Female;pending;01/12/2022;
NBC0174;Anita Lestari;347120******;anita.lestari433@yahoo.com;87944846312;Manado;Sulawesi Utara;16/02/1981;Female;verified;17/08/2023;REF-8460
NBC0175;Sari Darmawan;337451******;sari.darmawan20@yahoo.com;81802144270;Jakarta;DKI Jakarta;11/06/1985;Female;verified;04/07/2022;REF-9086
NBC0176;Reza Firmansyah;127157******;reza.firmansyah475@gmail.com;83120461872;Jakarta;DKI Jakarta;15/08/1983;Male;pending;28/05/2023;
NBC0177;Gita Wibowo;327566******;gita.wibowo254@gmail.com;82718376452;Surabaya;Jawa Timur;23/03/2003;Female;unverified;28/03/2022;
NBC0178;Fajar Susanto;127191******;fajar.susanto306@yahoo.com;83031365024;Jakarta;DKI Jakarta;24/03/2001;Male;verified;03/09/2022;REF-4982
NBC0179;Rizki Effendi;517129******;rizki.effendi381@gmail.com;82271950052;Semarang;Jawa Tengah;22/01/1999;Male;verified;08/08/2022;REF-4812
NBC0180;Lukman Rahman;127134******;lukman.rahman22@hotmail.com;83240778487;Makassar;Sulawesi Selatan;07/07/1983;Male;unverified;18/01/2023;REF-6303
NBC0181;Sari Maulana;327177******;sari.maulana159@hotmail.com;83485708620;Jakarta;DKI Jakarta;19/10/2002;Female;verified;16/01/2024;
NBC0182;Dwi Kusuma;167159******;dwi.kusuma195@hotmail.com;87294565118;Depok;Jawa Barat;22/07/2004;Male;verified;17/05/2022;REF-3126
NBC0183;Rizki Suryadi;327172******;rizki.suryadi197@gmail.com;81967899405;Surabaya;Jawa Timur;25/11/1984;Male;unverified;26/05/2022;REF-4419
NBC0184;Eka Gunawan;317156******;eka.gunawan572@hotmail.com;83094801413;Surabaya;Jawa Timur;21/04/1998;Female;verified;18/07/2022;REF-4784
NBC0185;Krisna Suryadi;167194******;krisna.suryadi255@yahoo.com;87861957612;Jakarta;DKI Jakarta;03/02/1983;Male;verified;31/01/2025;REF-6529
NBC0186;Kirana Halim;357850******;kirana.halim564@outlook.com;83665939836;Bekasi;Jawa Barat;07/09/1999;Female;verified;05/06/2023;REF-8412
NBC0187;Zaki Pratama;317146******;zaki.pratama611@gmail.com;87240433504;Surabaya;Jawa Timur;02/11/1999;Male;unverified;13/11/2024;REF-3534
NBC0188;Faisal Rahman;327327******;faisal.rahman272@outlook.com;87334419693;Jakarta;DKI Jakarta;18/06/1978;Male;verified;27/10/2023;
NBC0189;Bambang Hartono;517192******;bambang.hartono308@gmail.com;88961055661;Jakarta;DKI Jakarta;03/03/1985;Male;pending;24/01/2022;REF-7266
NBC0190;Jaka Wijaya;357879******;jaka.wijaya579@yahoo.com;83832067998;Semarang;Jawa Tengah;15/01/1979;Male;verified;31/03/2023;REF-7460
NBC0191;Umar Setiawan;127183******;umar.setiawan764@gmail.com;87641686227;Bandung;Jawa Barat;02/02/2000;Male;verified;10/02/2023;REF-4212
NBC0192;Zulfa Budiman;337441******;zulfa.budiman74@outlook.com;85591166553;Jakarta;DKI Jakarta;21/05/1989;Female;verified;07/12/2023;REF-1396
NBC0193;Jihan Rahman;517166******;jihan.rahman639@yahoo.com;85033521103;Medan;Sumatera Utara;09/11/2002;Female;verified;30/10/2022;
NBC0194;Siti Mahendra;327149******;siti.mahendra461@hotmail.com;81538338848;Jakarta;DKI Jakarta;31/08/1996;Female;verified;17/10/2022;REF-1301
NBC0195;Yoga Budiman;317142******;yoga.budiman175@gmail.com;83394070164;Jakarta;DKI Jakarta;27/09/2004;Male;verified;08/01/2024;
NBC0196;Teguh Tanjung;337458******;teguh.tanjung521@gmail.com;83798123878;Jakarta;DKI Jakarta;19/12/1975;Male;verified;23/03/2022;REF-9673
NBC0197;Haris Wardana;327312******;haris.wardana356@outlook.com;83438404608;Surabaya;Jawa Timur;27/07/1987;Male;verified;07/04/2023;REF-7436
NBC0198;Eka Tanjung;167196******;eka.tanjung628@yahoo.com;85392649578;Jakarta;DKI Jakarta;28/11/1980;Female;verified;28/02/2023;REF-9869
NBC0199;Laras Nugroho;347198******;laras.nugroho723@yahoo.com;85292518812;Jakarta;DKI Jakarta;31/03/1989;Female;verified;26/10/2022;
NBC0200;Cindy Yudha;347166******;cindy.yudha764@outlook.com;82312209949;Palembang;Sumatera Selatan;08/06/2000;Female;verified;18/04/2023;REF-4783
NBC0201;Yuni Setiawan;127127******;yuni.setiawan515@hotmail.com;88526772233;Bandung;Jawa Barat;12/06/1976;Female;verified;16/04/2024;
NBC0202;Putra Yudha;337495******;putra.yudha208@yahoo.com;81279757366;Surabaya;Jawa Timur;16/11/1976;Male;verified;19/02/2024;
NBC0203;Endra Aditya;167192******;endra.aditya897@gmail.com;87177038860;Surabaya;Jawa Timur;07/01/2000;Male;pending;04/03/2024;REF-1807
NBC0204;Dedi Wardana;347146******;dedi.wardana473@yahoo.com;85490827718;Balikpapan;Kalimantan Timur;29/01/1980;Male;verified;04/01/2023;
NBC0205;Vivi Aditya;327360******;vivi.aditya424@outlook.com;85027937145;Depok;Jawa Barat;04/02/2004;Female;pending;02/12/2022;
NBC0206;Fajar Halim;357820******;fajar.halim537@hotmail.com;88892686025;Bandung;Jawa Barat;14/05/2000;Male;verified;04/11/2022;REF-3369
NBC0207;Cahyo Santoso;327549******;cahyo.santoso317@hotmail.com;83212309407;Yogyakarta;DI Yogyakarta;28/04/1997;Male;verified;18/10/2024;REF-1094
NBC0208;Hesti Wibowo;337485******;hesti.wibowo676@hotmail.com;85671990384;Semarang;Jawa Tengah;20/10/2002;Female;verified;02/03/2023;REF-3429
NBC0209;Vino Wijaya;327314******;vino.wijaya684@outlook.com;83101622499;Surabaya;Jawa Timur;02/09/2000;Male;pending;30/12/2022;
NBC0210;Zahra Wijaya;327148******;zahra.wijaya331@outlook.com;85168147214;Bali;Bali;07/10/1989;Female;verified;15/12/2024;REF-4438
NBC0211;Prita Santoso;327183******;prita.santoso748@gmail.com;85946954899;Bandung;Jawa Barat;15/11/1990;Female;verified;23/09/2022;REF-9132
NBC0212;Satria Darmawan;127133******;satria.darmawan905@yahoo.com;88430107139;Bandung;Jawa Barat;07/08/1993;Male;verified;27/04/2024;REF-6728
NBC0213;Ratna Anwar;317191******;ratna.anwar207@outlook.com;83144885015;Bali;Bali;24/04/1990;Female;unverified;22/03/2024;
NBC0214;Ayu Permana;337452******;ayu.permana854@outlook.com;88770272785;Surabaya;Jawa Timur;30/09/1995;Female;verified;27/04/2024;
NBC0215;Jaka Firmansyah;517196******;jaka.firmansyah324@gmail.com;82955124056;Padang;Sumatera Barat;07/02/2003;Male;pending;30/12/2024;
NBC0216;Anita Permana;517124******;anita.permana886@outlook.com;88504617357;Bekasi;Jawa Barat;29/07/1988;Female;verified;19/03/2023;REF-3867
NBC0217;Rizki Suryadi;327166******;rizki.suryadi519@gmail.com;85823578452;Bali;Bali;29/05/1979;Male;verified;23/11/2024;REF-3174
NBC0218;Rizki Gunawan;327576******;rizki.gunawan119@gmail.com;83091570184;Bali;Bali;04/01/1976;Male;rejected;02/10/2023;REF-4438
NBC0219;Krisna Hakim;347178******;krisna.hakim327@hotmail.com;88142241098;Padang;Sumatera Barat;22/01/1998;Male;verified;29/07/2022;REF-6739
NBC0220;Putra Hidayat;347183******;putra.hidayat251@yahoo.com;81495870207;Manado;Sulawesi Utara;20/04/2005;Male;verified;14/04/2022;REF-1881
NBC0221;Zaki Permana;517185******;zaki.permana645@hotmail.com;87545381792;Surabaya;Jawa Timur;03/03/1979;Male;verified;17/08/2024;REF-6085
NBC0222;Winda Gunawan;127139******;winda.gunawan971@yahoo.com;82945625577;Surabaya;Jawa Timur;10/05/1976;Female;pending;14/05/2022;REF-6758
NBC0223;Iwan Hakim;357887******;iwan.hakim589@yahoo.com;87161581487;Surabaya;Jawa Timur;23/12/1992;Male;verified;26/04/2024;REF-4992
NBC0224;Ganesha Tanjung;327153******;ganesha.tanjung214@hotmail.com;85958321971;Bandung;Jawa Barat;25/07/2001;Male;verified;06/08/2024;REF-2599
NBC0225;Kartika Firmansyah;327518******;kartika.firmansyah613@gmail.com;88965701329;Medan;Sumatera Utara;15/07/2003;Female;unverified;01/01/2022;
NBC0226;Erika Aditya;347159******;erika.aditya631@hotmail.com;82354946519;Yogyakarta;DI Yogyakarta;14/05/1975;Female;unverified;11/11/2024;REF-3089
NBC0227;Citra Salim;167116******;citra.salim1@outlook.com;81403696566;Semarang;Jawa Tengah;12/02/1992;Female;verified;10/06/2024;REF-3841
NBC0228;Krisna Tanjung;357863******;krisna.tanjung158@outlook.com;88220102762;Jakarta;DKI Jakarta;19/10/1978;Male;verified;09/10/2022;REF-7813
NBC0229;Vivi Zulkarnain;517133******;vivi.zulkarnain466@hotmail.com;87765326909;Bali;Bali;06/05/1997;Female;verified;30/04/2023;
NBC0230;Kevin Salim;317114******;kevin.salim582@hotmail.com;88519712847;Medan;Sumatera Utara;10/03/1998;Male;verified;10/06/2022;REF-2449
NBC0231;Satria Kusuma;167184******;satria.kusuma320@gmail.com;83807787956;Bandung;Jawa Barat;31/10/1990;Male;verified;27/08/2023;REF-1578
NBC0232;Olivia Firmansyah;517143******;olivia.firmansyah63@hotmail.com;87290490471;Jakarta;DKI Jakarta;08/09/1980;Female;verified;01/11/2024;REF-5552
NBC0233;Rangga Iskandar;347142******;rangga.iskandar15@gmail.com;87292752437;Surabaya;Jawa Timur;10/02/1983;Male;verified;16/12/2024;
NBC0234;Dimas Hidayat;517129******;dimas.hidayat858@hotmail.com;85637239504;Palembang;Sumatera Selatan;15/03/1980;Male;verified;18/04/2022;REF-7533
NBC0235;Ganesha Aditya;337458******;ganesha.aditya700@hotmail.com;85428604765;Semarang;Jawa Tengah;14/10/1998;Male;unverified;26/03/2022;REF-9704
NBC0236;Diah Iskandar;357844******;diah.iskandar274@gmail.com;83967393852;Bali;Bali;19/01/1989;Female;verified;26/01/2025;REF-1138
NBC0237;Siti Yudha;327177******;siti.yudha107@hotmail.com;83344300910;Jakarta;DKI Jakarta;26/08/2001;Female;pending;21/03/2023;
NBC0238;Winda Sugiarto;327187******;winda.sugiarto134@hotmail.com;88921244717;Medan;Sumatera Utara;26/05/1987;Female;verified;24/05/2024;REF-6298
NBC0239;Hendra Kusuma;347117******;hendra.kusuma392@hotmail.com;83044271739;Depok;Jawa Barat;11/08/1992;Male;verified;01/01/2023;REF-2776
NBC0240;Hendra Zulkarnain;337488******;hendra.zulkarnain659@gmail.com;85410119470;Surabaya;Jawa Timur;29/04/1997;Male;verified;01/11/2022;REF-1014
NBC0241;Tania Tanjung;347129******;tania.tanjung717@outlook.com;85908776618;Pontianak;Kalimantan Barat;17/02/1985;Female;verified;07/01/2022;REF-8898
NBC0242;Kevin Rahman;357897******;kevin.rahman311@hotmail.com;81158517432;Bandung;Jawa Barat;15/11/1999;Male;verified;22/03/2022;
NBC0243;Ulfa Tanjung;327190******;ulfa.tanjung706@outlook.com;85173203093;Makassar;Sulawesi Selatan;11/12/1996;Female;verified;07/03/2024;REF-9856
NBC0244;Hesti Aditya;127112******;hesti.aditya38@outlook.com;81506138782;Bali;Bali;27/12/2000;Female;verified;23/04/2023;
NBC0245;Hadi Darmawan;317170******;hadi.darmawan929@gmail.com;82202041792;Bekasi;Jawa Barat;06/07/2001;Male;verified;11/05/2022;
NBC0246;Haris Lestari;327135******;haris.lestari437@outlook.com;88651982530;Jakarta;DKI Jakarta;09/08/2001;Male;unverified;22/12/2022;REF-2978
NBC0247;Galih Yudha;327399******;galih.yudha379@yahoo.com;85390219620;Jakarta;DKI Jakarta;04/11/1996;Male;verified;15/06/2022;REF-3939
NBC0248;Winda Hakim;327598******;winda.hakim827@hotmail.com;88232487632;Medan;Sumatera Utara;22/05/2002;Female;pending;19/03/2022;REF-9190
NBC0249;Eka Firmansyah;357863******;eka.firmansyah5@yahoo.com;82181958837;Balikpapan;Kalimantan Timur;06/02/2003;Female;verified;03/03/2023;REF-4173
NBC0250;Hadi Effendi;127132******;hadi.effendi164@gmail.com;81543645970;Bali;Bali;07/09/1979;Male;verified;18/04/2022;
NBC0251;Ahmad Darmawan;167124******;ahmad.darmawan73@yahoo.com;88799563531;Semarang;Jawa Tengah;18/08/1989;Male;pending;12/04/2023;REF-7759
NBC0252;Anita Lestari;327170******;anita.lestari600@hotmail.com;81623972652;Bogor;Jawa Barat;14/07/1995;Female;verified;02/02/2023;REF-5418
NBC0253;Gilang Wijaya;517117******;gilang.wijaya288@yahoo.com;81776253492;Jakarta;DKI Jakarta;14/08/2003;Male;verified;15/12/2022;REF-4763
NBC0254;Jaka Darmawan;337485******;jaka.darmawan485@hotmail.com;83063356939;Jakarta;DKI Jakarta;06/09/1981;Male;verified;11/01/2022;REF-1724
NBC0255;Ganesha Cahyadi;317164******;ganesha.cahyadi544@hotmail.com;85177318063;Jakarta;DKI Jakarta;14/12/1980;Male;unverified;05/01/2024;REF-2486
NBC0256;Yoga Firmansyah;327368******;yoga.firmansyah879@gmail.com;85726257016;Surabaya;Jawa Timur;26/12/2005;Male;verified;13/11/2023;REF-5859
NBC0257;Putra Aditya;517136******;putra.aditya807@gmail.com;87508501657;Pekanbaru;Riau;09/10/2002;Male;verified;25/03/2022;REF-3871
NBC0258;Winda Kusuma;167136******;winda.kusuma142@outlook.com;82817933554;Surabaya;Jawa Timur;03/08/1997;Female;verified;16/05/2024;REF-2038
NBC0259;Dedi Darmawan;167177******;dedi.darmawan850@gmail.com;85884795137;Semarang;Jawa Tengah;01/12/1978;Male;verified;14/06/2022;REF-3929
NBC0260;Bayu Hartono;327345******;bayu.hartono115@yahoo.com;85238046827;Balikpapan;Kalimantan Timur;21/07/1990;Male;verified;10/05/2024;REF-1351
NBC0261;Bayu Saputra;337476******;bayu.saputra661@outlook.com;85955798877;Surabaya;Jawa Timur;22/08/1988;Male;verified;28/09/2022;
NBC0262;Oka Lestari;127157******;oka.lestari995@outlook.com;81254729284;Surabaya;Jawa Timur;06/03/1983;Male;verified;26/12/2022;
NBC0263;Tania Hidayat;327340******;tania.hidayat120@gmail.com;83927452380;Jakarta;DKI Jakarta;08/11/2004;Female;verified;12/10/2023;
NBC0264;Dedi Aditya;327378******;dedi.aditya309@gmail.com;81672752088;Jakarta;DKI Jakarta;10/11/1989;Male;verified;29/08/2023;REF-5748
NBC0265;Aisyah Hidayat;517166******;aisyah.hidayat347@gmail.com;88702814069;Balikpapan;Kalimantan Timur;19/11/1984;Female;pending;02/07/2024;REF-6347
NBC0266;Teguh Suryadi;517177******;teguh.suryadi228@outlook.com;82018718637;Bekasi;Jawa Barat;03/04/1989;Male;verified;13/11/2024;
NBC0267;Zahra Wardana;327364******;zahra.wardana379@hotmail.com;83045547813;Bekasi;Jawa Barat;05/12/1994;Female;rejected;01/05/2024;
NBC0268;Dwi Zulkarnain;327527******;dwi.zulkarnain856@gmail.com;82347851961;Makassar;Sulawesi Selatan;19/04/1975;Male;pending;18/04/2024;REF-5478
NBC0269;Lukman Gunawan;517127******;lukman.gunawan205@yahoo.com;85487049478;Bali;Bali;16/10/1995;Male;pending;05/04/2023;REF-1040
NBC0270;Surya Effendi;327193******;surya.effendi682@outlook.com;85273014719;Jakarta;DKI Jakarta;25/03/1991;Male;verified;11/09/2024;REF-5225
NBC0271;Gracia Sugiarto;357875******;gracia.sugiarto751@gmail.com;83290257252;Surabaya;Jawa Timur;16/05/1977;Female;verified;13/07/2023;REF-6832
NBC0272;Rio Budiman;327175******;rio.budiman199@yahoo.com;81928554451;Bali;Bali;21/12/1998;Male;verified;22/12/2023;
NBC0273;Jaka Hakim;357872******;jaka.hakim422@outlook.com;82132833898;Medan;Sumatera Utara;13/11/1998;Male;unverified;22/08/2022;REF-2251
NBC0274;Gilang Saputra;127154******;gilang.saputra320@outlook.com;82798524013;Jakarta;DKI Jakarta;09/10/1980;Male;pending;19/10/2022;REF-6036
NBC0275;Gilang Setiawan;327598******;gilang.setiawan782@gmail.com;81076031089;Jakarta;DKI Jakarta;29/08/1977;Male;verified;18/08/2024;REF-5145
NBC0276;Surya Pratama;327125******;surya.pratama943@yahoo.com;87325012495;Yogyakarta;DI Yogyakarta;19/10/1990;Male;unverified;25/11/2022;
NBC0277;Prita Wibowo;167182******;prita.wibowo70@gmail.com;87083342801;Yogyakarta;DI Yogyakarta;07/08/1984;Female;pending;29/10/2024;
NBC0278;Bambang Permana;127196******;bambang.permana981@gmail.com;82566383615;Semarang;Jawa Tengah;18/07/1980;Male;pending;12/08/2024;REF-3226
NBC0279;Wahyu Hakim;167115******;wahyu.hakim85@outlook.com;85164794738;Surabaya;Jawa Timur;08/04/1993;Male;verified;19/08/2023;
NBC0280;Bayu Effendi;357832******;bayu.effendi14@hotmail.com;88167811266;Balikpapan;Kalimantan Timur;28/06/2001;Male;verified;28/07/2022;
NBC0281;Jihan Kusuma;357835******;jihan.kusuma347@yahoo.com;87613674994;Jakarta;DKI Jakarta;18/11/2003;Female;verified;30/03/2024;REF-7626
NBC0282;Intan Iskandar;327368******;intan.iskandar111@gmail.com;83773201017;Jakarta;DKI Jakarta;02/06/2005;Female;pending;24/02/2022;
NBC0283;Arif Ramadhan;327348******;arif.ramadhan637@gmail.com;81877347784;Jakarta;DKI Jakarta;02/05/1999;Male;verified;05/12/2023;
NBC0284;Ahmad Wijaya;327525******;ahmad.wijaya393@hotmail.com;83677002842;Semarang;Jawa Tengah;17/01/1997;Male;verified;01/06/2024;REF-7374
NBC0285;Fajar Darmawan;167197******;fajar.darmawan553@hotmail.com;85828064796;Jakarta;DKI Jakarta;03/09/2002;Male;verified;24/12/2023;
NBC0286;Andi Saputra;517115******;andi.saputra132@outlook.com;83905616556;Surabaya;Jawa Timur;04/10/1990;Male;verified;26/04/2022;REF-5056
NBC0287;Surya Setiawan;327149******;surya.setiawan118@outlook.com;82085076986;Yogyakarta;DI Yogyakarta;17/12/1986;Male;verified;11/02/2022;REF-1364
NBC0288;Anita Tanjung;357883******;anita.tanjung101@hotmail.com;81357852945;Surabaya;Jawa Timur;23/07/1994;Female;pending;18/02/2023;REF-2234
NBC0289;Kirana Anwar;347143******;kirana.anwar49@outlook.com;87639191954;Surabaya;Jawa Timur;07/01/1978;Female;verified;23/12/2024;REF-4436
NBC0290;Bayu Firmansyah;167148******;bayu.firmansyah444@outlook.com;82664987820;Semarang;Jawa Tengah;01/03/2003;Male;unverified;23/11/2024;
NBC0291;Maya Gunawan;347191******;maya.gunawan546@hotmail.com;87083572324;Bandung;Jawa Barat;13/07/1994;Female;verified;20/04/2024;REF-2055
NBC0292;Cindy Iskandar;347192******;cindy.iskandar165@outlook.com;88936312303;Surabaya;Jawa Timur;05/12/1988;Female;verified;08/08/2024;REF-8145
NBC0293;Rizki Suryadi;327344******;rizki.suryadi140@gmail.com;83482070015;Semarang;Jawa Tengah;26/12/2001;Male;verified;03/09/2023;
NBC0294;Cindy Salim;327160******;cindy.salim966@yahoo.com;82198189847;Medan;Sumatera Utara;18/01/1979;Female;verified;03/05/2023;REF-6134
NBC0295;Naufal Tanjung;337464******;naufal.tanjung224@yahoo.com;81234764907;Pekanbaru;Riau;06/12/1998;Male;verified;07/02/2024;REF-2850
NBC0296;Bagas Effendi;337445******;bagas.effendi901@yahoo.com;83754090034;Semarang;Jawa Tengah;17/10/1999;Male;pending;27/02/2024;REF-6945
NBC0297;Umi Sugiarto;167140******;umi.sugiarto879@hotmail.com;85064413432;Surabaya;Jawa Timur;08/09/1994;Female;verified;12/10/2023;
NBC0298;Cindy Wijaya;347120******;cindy.wijaya843@hotmail.com;85656124815;Surabaya;Jawa Timur;17/11/1993;Female;verified;26/01/2025;
NBC0299;Ahmad Santoso;327390******;ahmad.santoso455@yahoo.com;81634591123;Medan;Sumatera Utara;01/03/1998;Male;verified;24/09/2022;
NBC0300;Vina Halim;127127******;vina.halim267@yahoo.com;88954316526;Jakarta;DKI Jakarta;05/12/1991;Female;verified;05/04/2023;REF-1376
NBC0301;Sinta Lestari;327169******;sinta.lestari204@outlook.com;88206969421;Bandung;Jawa Barat;04/07/1991;Female;verified;15/12/2022;
NBC0302;Cahyo Budiman;327568******;cahyo.budiman848@hotmail.com;81333447626;Surabaya;Jawa Timur;08/04/1984;Male;verified;18/03/2023;
NBC0303;Arif Suryadi;327533******;arif.suryadi419@yahoo.com;81443973597;Surabaya;Jawa Timur;05/11/1978;Male;pending;22/01/2022;REF-6296
NBC0304;Bella Anwar;327564******;bella.anwar754@outlook.com;81180053759;Jakarta;DKI Jakarta;02/02/2005;Female;verified;04/04/2022;REF-9266
NBC0305;Ulfa Wardana;357826******;ulfa.wardana992@gmail.com;87242875721;Jakarta;DKI Jakarta;26/03/1989;Female;verified;22/12/2024;REF-5266
NBC0306;Rizki Nugroho;127145******;rizki.nugroho766@outlook.com;85449485625;Yogyakarta;DI Yogyakarta;14/01/1997;Male;verified;06/11/2022;REF-8208
NBC0307;Hadi Santoso;337433******;hadi.santoso37@hotmail.com;83276170758;Medan;Sumatera Utara;06/10/1996;Male;verified;26/07/2024;REF-3425
NBC0308;Dimas Anwar;347133******;dimas.anwar855@yahoo.com;88849939089;Bandung;Jawa Barat;06/02/1983;Male;verified;02/05/2024;
NBC0309;Haris Hartono;357813******;haris.hartono292@gmail.com;85591520177;Yogyakarta;DI Yogyakarta;15/05/1995;Male;verified;06/07/2023;REF-1095
NBC0310;Rizki Halim;357882******;rizki.halim133@yahoo.com;81450189616;Bogor;Jawa Barat;12/06/1986;Male;pending;31/12/2022;REF-7535
NBC0311;Luki Maulana;327561******;luki.maulana292@yahoo.com;81476492515;Jakarta;DKI Jakarta;30/12/1997;Male;pending;14/02/2023;REF-7358
NBC0312;Maulana Zulkarnain;327164******;maulana.zulkarnain831@outlook.com;87266108573;Surabaya;Jawa Timur;19/01/2004;Male;verified;14/11/2022;
NBC0313;Teguh Budiman;327147******;teguh.budiman480@hotmail.com;81742243864;Jakarta;DKI Jakarta;02/07/2000;Male;pending;08/04/2022;REF-1738
NBC0314;Irfan Zulkarnain;327522******;irfan.zulkarnain476@outlook.com;83491801722;Semarang;Jawa Tengah;17/08/1992;Male;verified;03/04/2022;REF-5876
NBC0315;Dwi Gunawan;127189******;dwi.gunawan828@outlook.com;83232194168;Jakarta;DKI Jakarta;21/10/1975;Male;verified;12/01/2022;REF-1217
NBC0316;Ganesha Gunawan;327594******;ganesha.gunawan989@hotmail.com;83995641220;Malang;Jawa Timur;24/07/1983;Male;verified;18/08/2022;
NBC0317;Laras Saputra;337471******;laras.saputra665@yahoo.com;88368314727;Bekasi;Jawa Barat;04/12/1993;Female;verified;14/02/2022;REF-3497
NBC0318;Erika Darmawan;127112******;erika.darmawan881@hotmail.com;87334960501;Depok;Jawa Barat;12/04/2003;Female;verified;03/06/2024;
NBC0319;Zulfa Hakim;317172******;zulfa.hakim410@hotmail.com;87997308069;Jakarta;DKI Jakarta;02/03/1989;Female;verified;11/05/2022;REF-7834
NBC0320;Gita Darmawan;517192******;gita.darmawan356@hotmail.com;88602437573;Jakarta;DKI Jakarta;09/10/1997;Female;verified;26/03/2023;REF-6556
NBC0321;Winda Gunawan;327347******;winda.gunawan741@hotmail.com;85572934172;Jakarta;DKI Jakarta;10/10/1982;Female;verified;13/02/2023;REF-9063
NBC0322;Reza Darmawan;347140******;reza.darmawan215@gmail.com;81545228015;Surabaya;Jawa Timur;26/04/1994;Male;rejected;22/08/2022;REF-2977
NBC0323;Hesti Susanto;357855******;hesti.susanto788@gmail.com;87428910771;Bandung;Jawa Barat;01/10/1979;Female;pending;28/07/2022;
NBC0324;Eko Maulana;327136******;eko.maulana933@outlook.com;82478712552;Jakarta;DKI Jakarta;07/07/1980;Male;verified;18/02/2023;REF-7811
NBC0325;Siti Wibowo;127153******;siti.wibowo294@yahoo.com;81456532863;Jakarta;DKI Jakarta;10/03/1981;Female;verified;28/05/2024;REF-7706
NBC0326;Jessica Salim;317166******;jessica.salim150@gmail.com;88811556260;Jakarta;DKI Jakarta;22/08/1992;Female;verified;17/03/2022;REF-3473
NBC0327;Citra Budiman;347163******;citra.budiman412@outlook.com;88550489267;Semarang;Jawa Tengah;19/11/2003;Female;verified;25/02/2023;
NBC0328;Prita Halim;357893******;prita.halim415@yahoo.com;83108562884;Jakarta;DKI Jakarta;02/08/1984;Female;pending;10/07/2022;REF-6115
NBC0329;Galih Maulana;317113******;galih.maulana912@outlook.com;82468105485;Bandung;Jawa Barat;21/07/1980;Male;pending;08/04/2022;
NBC0330;Erika Firmansyah;517110******;erika.firmansyah465@outlook.com;82998935449;Jakarta;DKI Jakarta;01/03/2005;Female;verified;14/10/2022;
NBC0331;Nanda Hartono;357876******;nanda.hartono597@yahoo.com;83712661106;Jakarta;DKI Jakarta;31/10/1980;Male;verified;02/09/2024;REF-2279
NBC0332;Jaka Wardana;517181******;jaka.wardana532@hotmail.com;83976776228;Banjarmasin;Kalimantan Selatan;13/09/1980;Male;verified;19/09/2024;
NBC0333;Cahyo Cahyadi;167125******;cahyo.cahyadi712@yahoo.com;85702851961;Jakarta;DKI Jakarta;03/06/1980;Male;pending;27/01/2024;REF-1659
NBC0334;Fajar Salim;347157******;fajar.salim311@outlook.com;85022960443;Jakarta;DKI Jakarta;19/03/1983;Male;verified;28/09/2024;REF-9970
NBC0335;Rizki Yudha;127183******;rizki.yudha318@hotmail.com;83679228777;Medan;Sumatera Utara;06/09/1981;Male;verified;29/10/2023;REF-7711
NBC0336;Zaki Mahendra;167115******;zaki.mahendra982@hotmail.com;88412094818;Jakarta;DKI Jakarta;27/10/1978;Male;pending;30/01/2023;
NBC0337;Galih Santoso;517176******;galih.santoso194@hotmail.com;87018204339;Medan;Sumatera Utara;05/12/1994;Male;verified;23/06/2022;
NBC0338;Bella Wijaya;127112******;bella.wijaya349@hotmail.com;82608564111;Surabaya;Jawa Timur;21/04/1999;Female;verified;11/12/2022;REF-3992
NBC0339;Dimas Hidayat;347162******;dimas.hidayat695@yahoo.com;81952004615;Medan;Sumatera Utara;23/05/1981;Male;verified;25/04/2024;
NBC0340;Fajar Santoso;337440******;fajar.santoso771@yahoo.com;85886140578;Bandung;Jawa Barat;05/04/1993;Male;verified;15/05/2022;REF-7676
NBC0341;Ayu Iskandar;167185******;ayu.iskandar692@gmail.com;82824967183;Jakarta;DKI Jakarta;21/05/1981;Female;verified;04/02/2024;REF-3755
NBC0342;Kirana Zulkarnain;167167******;kirana.zulkarnain43@gmail.com;85942007494;Jakarta;DKI Jakarta;03/07/2005;Female;verified;18/02/2024;
NBC0343;Maya Cahyadi;347115******;maya.cahyadi166@gmail.com;83161284639;Surabaya;Jawa Timur;23/08/1997;Female;verified;14/10/2023;
NBC0344;Ratna Susanto;127144******;ratna.susanto252@outlook.com;83379502097;Jakarta;DKI Jakarta;12/03/1975;Female;verified;20/01/2022;REF-7769
NBC0345;Vivi Darmawan;327578******;vivi.darmawan84@gmail.com;87071569562;Bali;Bali;19/05/1975;Female;verified;13/09/2022;REF-4161
NBC0346;Made Saputra;347197******;made.saputra944@outlook.com;82194337504;Bandung;Jawa Barat;08/02/1997;Male;unverified;05/03/2023;REF-7489
NBC0347;Putra Cahyadi;127131******;putra.cahyadi566@yahoo.com;88999219212;Bandung;Jawa Barat;24/08/1986;Male;verified;12/04/2023;
NBC0348;Sari Suryadi;317198******;sari.suryadi695@outlook.com;88870605664;Jakarta;DKI Jakarta;17/06/1980;Female;verified;27/11/2024;REF-6922
NBC0349;Rizki Lestari;317145******;rizki.lestari941@hotmail.com;87750635190;Padang;Sumatera Barat;13/02/1985;Male;verified;17/05/2024;
NBC0350;Laras Maulana;357849******;laras.maulana65@gmail.com;81760954317;Medan;Sumatera Utara;10/09/1985;Female;pending;29/11/2023;
NBC0351;Jessica Wibowo;327186******;jessica.wibowo635@hotmail.com;81791100651;Yogyakarta;DI Yogyakarta;20/09/1980;Female;pending;07/05/2022;
NBC0352;Surya Zulkarnain;327123******;surya.zulkarnain694@gmail.com;87046619639;Bandung;Jawa Barat;04/08/2004;Male;unverified;22/01/2022;REF-8605
NBC0353;Prita Hartono;357893******;prita.hartono961@gmail.com;85859311091;Semarang;Jawa Tengah;05/08/2001;Female;verified;01/02/2023;
NBC0354;Irfan Susanto;357863******;irfan.susanto493@hotmail.com;82320024968;Bandung;Jawa Barat;26/03/2004;Male;pending;03/01/2024;REF-9866
NBC0355;Indah Effendi;347187******;indah.effendi352@outlook.com;83089203880;Jakarta;DKI Jakarta;07/12/1993;Female;pending;06/12/2023;REF-4282
NBC0356;Laras Kusuma;357834******;laras.kusuma684@hotmail.com;88795995946;Jakarta;DKI Jakarta;28/09/1989;Female;pending;29/11/2022;REF-1691
NBC0357;Budi Lestari;337469******;budi.lestari639@yahoo.com;82756362050;Banjarmasin;Kalimantan Selatan;23/04/1978;Male;verified;03/01/2024;REF-2887
NBC0358;Dedi Suryadi;517156******;dedi.suryadi45@gmail.com;82342342583;Yogyakarta;DI Yogyakarta;04/01/1983;Male;pending;06/02/2023;REF-5289
NBC0359;Ayu Nugroho;327593******;ayu.nugroho807@gmail.com;83347355289;Medan;Sumatera Utara;16/06/1994;Female;verified;14/05/2022;REF-3142
NBC0360;Laras Aditya;327598******;laras.aditya384@outlook.com;87630993842;Bandung;Jawa Barat;12/09/1989;Female;verified;22/05/2023;REF-5588
NBC0361;Intan Darmawan;337420******;intan.darmawan804@hotmail.com;88912868578;Bali;Bali;29/10/1995;Female;verified;02/01/2023;REF-7125
NBC0362;Ganesha Darmawan;127144******;ganesha.darmawan596@hotmail.com;88903337363;Surabaya;Jawa Timur;22/09/1988;Male;verified;20/05/2024;
NBC0363;Zahra Susanto;167120******;zahra.susanto138@gmail.com;83785390789;Semarang;Jawa Tengah;02/02/1990;Female;unverified;22/05/2024;REF-8086
NBC0364;Haris Ramadhan;347158******;haris.ramadhan26@yahoo.com;85341514888;Jakarta;DKI Jakarta;15/11/2003;Male;rejected;10/06/2022;
NBC0365;Fitri Sugiarto;327156******;fitri.sugiarto40@yahoo.com;83354443928;Bekasi;Jawa Barat;18/09/1986;Female;unverified;18/01/2022;
NBC0366;Vino Wardana;327584******;vino.wardana776@gmail.com;85826333738;Surabaya;Jawa Timur;01/05/2001;Male;unverified;17/08/2024;
NBC0367;Dimas Ramadhan;337464******;dimas.ramadhan789@hotmail.com;82778052924;Bandung;Jawa Barat;08/06/1975;Male;verified;20/10/2024;
NBC0368;Wulan Lestari;327564******;wulan.lestari703@hotmail.com;88845909022;Surabaya;Jawa Timur;24/10/1989;Female;verified;11/03/2024;
NBC0369;Zaki Kusuma;167159******;zaki.kusuma193@hotmail.com;81597412182;Medan;Sumatera Utara;09/06/1976;Male;verified;27/09/2024;REF-4260
NBC0370;Yusuf Hakim;337439******;yusuf.hakim299@gmail.com;85058025662;Bali;Bali;20/12/1979;Male;pending;22/09/2022;REF-8835
NBC0371;Anita Anwar;327336******;anita.anwar318@hotmail.com;88729949387;Yogyakarta;DI Yogyakarta;10/05/1987;Female;verified;18/02/2023;REF-3337
NBC0372;Zaki Wibowo;167152******;zaki.wibowo933@hotmail.com;85790147546;Jakarta;DKI Jakarta;01/07/2002;Male;verified;25/12/2022;REF-3942
NBC0373;Yanti Zulkarnain;127159******;yanti.zulkarnain933@yahoo.com;88916032484;Bandung;Jawa Barat;26/11/2004;Female;verified;17/05/2022;REF-4559
NBC0374;Cindy Sugiarto;357819******;cindy.sugiarto774@gmail.com;87567243807;Jakarta;DKI Jakarta;13/03/1976;Female;pending;30/05/2022;REF-8567
NBC0375;Endra Wardana;337460******;endra.wardana39@gmail.com;83125777118;Bandung;Jawa Barat;21/06/2004;Male;pending;12/05/2023;
NBC0376;Ganesha Iskandar;327331******;ganesha.iskandar859@gmail.com;87124186210;Yogyakarta;DI Yogyakarta;21/05/2005;Male;verified;14/07/2023;REF-6866
NBC0377;Cahyo Wijaya;167137******;cahyo.wijaya453@gmail.com;88816470900;Jakarta;DKI Jakarta;06/12/1991;Male;verified;18/02/2023;
NBC0378;Nanda Suryadi;327112******;nanda.suryadi432@gmail.com;81531312206;Jakarta;DKI Jakarta;27/12/1997;Male;verified;09/08/2022;
NBC0379;Satria Suryadi;517136******;satria.suryadi957@hotmail.com;85133155206;Medan;Sumatera Utara;03/05/2004;Male;verified;10/10/2023;REF-4485
NBC0380;Bayu Iskandar;517157******;bayu.iskandar45@gmail.com;82649718924;Medan;Sumatera Utara;02/04/1979;Male;verified;27/10/2023;
NBC0381;Umi Nugroho;357832******;umi.nugroho651@outlook.com;88715099768;Medan;Sumatera Utara;26/09/2003;Female;verified;22/04/2023;REF-1217
NBC0382;Rangga Sugiarto;347140******;rangga.sugiarto756@hotmail.com;82910257432;Bali;Bali;09/11/1991;Male;rejected;23/02/2023;REF-4900
NBC0383;Olivia Halim;357827******;olivia.halim285@outlook.com;88086403553;Jakarta;DKI Jakarta;26/03/1984;Female;verified;09/01/2025;REF-5068
NBC0384;Vivi Lestari;517158******;vivi.lestari534@outlook.com;82701713023;Medan;Sumatera Utara;19/08/1980;Female;verified;07/07/2022;REF-9992
NBC0385;Maya Wibowo;167120******;maya.wibowo437@hotmail.com;83233629344;Jakarta;DKI Jakarta;09/11/2000;Female;verified;07/07/2024;
NBC0386;Ganesha Setiawan;357860******;ganesha.setiawan387@yahoo.com;85768962706;Surabaya;Jawa Timur;04/03/1994;Male;verified;20/06/2022;
NBC0387;Olivia Aditya;327380******;olivia.aditya745@yahoo.com;83674746897;Tangerang;Banten;24/03/1978;Female;pending;14/11/2023;REF-8688
NBC0388;Krisna Pratama;317174******;krisna.pratama748@outlook.com;85666567491;Depok;Jawa Barat;03/05/1993;Male;verified;21/03/2022;
NBC0389;Maulana Maulana;337465******;maulana.maulana981@outlook.com;88587506633;Jakarta;DKI Jakarta;06/06/1996;Male;unverified;12/03/2022;
NBC0390;Cahyo Saputra;327343******;cahyo.saputra620@hotmail.com;88243992011;Banjarmasin;Kalimantan Selatan;27/11/2003;Male;pending;27/02/2024;REF-2316
NBC0391;Krisna Zulkarnain;327364******;krisna.zulkarnain259@outlook.com;87869461195;Jakarta;DKI Jakarta;27/05/1981;Male;verified;05/07/2023;
NBC0392;Bella Firmansyah;317131******;bella.firmansyah836@hotmail.com;81116864622;Surabaya;Jawa Timur;22/10/1991;Female;verified;17/01/2023;
NBC0393;Joko Cahyadi;327167******;joko.cahyadi581@yahoo.com;82302346791;Medan;Sumatera Utara;20/07/2003;Male;unverified;07/12/2022;REF-2404
NBC0394;Putra Kusuma;357813******;putra.kusuma600@yahoo.com;85710040901;Surabaya;Jawa Timur;20/06/1984;Male;verified;05/12/2024;
NBC0395;Jaka Iskandar;127170******;jaka.iskandar776@outlook.com;87655553566;Pekanbaru;Riau;26/05/2002;Male;verified;28/04/2022;
NBC0396;Fitri Pratama;127199******;fitri.pratama412@yahoo.com;81918435797;Jakarta;DKI Jakarta;05/02/1998;Female;verified;26/04/2024;REF-1051
NBC0397;Vina Saputra;357815******;vina.saputra993@outlook.com;88739769156;Bali;Bali;10/05/1996;Female;rejected;25/07/2022;
NBC0398;Krisna Hidayat;167183******;krisna.hidayat804@gmail.com;82714872717;Tangerang;Banten;21/09/2004;Male;verified;12/01/2025;REF-4467
NBC0399;Yoga Setiawan;327165******;yoga.setiawan733@gmail.com;82564347128;Surabaya;Jawa Timur;03/06/2003;Male;verified;04/10/2024;REF-6452
NBC0400;Mira Kusuma;357858******;mira.kusuma933@hotmail.com;88863341411;Medan;Sumatera Utara;31/12/1978;Female;verified;28/11/2023;
NBC0401;Zulfa Sugiarto;517157******;zulfa.sugiarto131@outlook.com;85904098366;Bali;Bali;04/05/1989;Female;verified;18/01/2024;
NBC0402;Hani Budiman;517185******;hani.budiman228@gmail.com;85087524377;Semarang;Jawa Tengah;12/08/1981;Female;pending;04/08/2023;REF-1562
NBC0403;Ulfa Cahyadi;327145******;ulfa.cahyadi869@hotmail.com;88374605233;Medan;Sumatera Utara;11/05/1977;Female;rejected;02/01/2023;
NBC0404;Ulfa Maulana;317180******;ulfa.maulana402@outlook.com;85756618443;Bali;Bali;01/08/1999;Female;pending;17/03/2024;REF-6298
NBC0405;Novi Santoso;347168******;novi.santoso671@yahoo.com;87277423330;Semarang;Jawa Tengah;01/04/1991;Female;rejected;28/07/2022;REF-3418
NBC0406;Bagas Maulana;317122******;bagas.maulana365@hotmail.com;82018596263;Jakarta;DKI Jakarta;10/07/1976;Male;pending;01/09/2022;REF-9005
NBC0407;Pandu Permana;327598******;pandu.permana815@gmail.com;85647501111;Semarang;Jawa Tengah;11/12/1996;Male;verified;09/11/2024;REF-8856
NBC0408;Endra Hartono;517133******;endra.hartono394@hotmail.com;88649215182;Bandung;Jawa Barat;07/03/1993;Male;verified;10/02/2022;REF-9788
NBC0409;Jessica Darmawan;327176******;jessica.darmawan858@gmail.com;82129208751;Malang;Jawa Timur;03/10/1976;Female;verified;21/09/2022;REF-3641
NBC0410;Oka Wijaya;327125******;oka.wijaya519@outlook.com;83826034084;Jakarta;DKI Jakarta;26/07/2004;Male;unverified;29/12/2024;REF-9035
NBC0411;Jessica Rahman;517178******;jessica.rahman523@yahoo.com;88103032432;Jakarta;DKI Jakarta;04/01/2002;Female;verified;19/03/2023;REF-5544
NBC0412;Rangga Zulkarnain;327180******;rangga.zulkarnain262@outlook.com;85267146283;Bandung;Jawa Barat;02/03/1978;Male;verified;06/07/2023;
NBC0413;Laras Salim;517194******;laras.salim664@yahoo.com;85256609314;Jakarta;DKI Jakarta;03/08/1980;Female;pending;24/12/2024;REF-9984
NBC0414;Umar Setiawan;357852******;umar.setiawan797@outlook.com;82340163611;Pekanbaru;Riau;19/11/1982;Male;pending;14/12/2024;
NBC0415;Haris Hartono;167154******;haris.hartono718@outlook.com;87491025625;Yogyakarta;DI Yogyakarta;28/05/2005;Male;verified;24/12/2024;REF-7597
NBC0416;Gilang Susanto;317197******;gilang.susanto526@yahoo.com;88226940539;Bandung;Jawa Barat;05/10/1993;Male;verified;26/07/2024;REF-6799
NBC0417;Intan Hakim;347164******;intan.hakim534@yahoo.com;83146511131;Jakarta;DKI Jakarta;29/05/1982;Female;verified;28/04/2022;REF-5683
NBC0418;Hesti Pratama;327596******;hesti.pratama521@yahoo.com;85788160930;Makassar;Sulawesi Selatan;23/01/1994;Female;unverified;30/12/2024;
NBC0419;Endra Budiman;517115******;endra.budiman622@hotmail.com;82832152850;Jakarta;DKI Jakarta;17/12/1993;Male;verified;11/10/2024;REF-7115
NBC0420;Wulan Wibowo;167125******;wulan.wibowo298@outlook.com;85443096348;Manado;Sulawesi Utara;03/08/1976;Female;verified;06/08/2024;
NBC0421;Citra Rahman;317188******;citra.rahman472@outlook.com;83510526501;Jakarta;DKI Jakarta;29/04/1994;Female;verified;04/10/2024;REF-9668
NBC0422;Hadi Yudha;327172******;hadi.yudha8@yahoo.com;88437654562;Surabaya;Jawa Timur;23/01/1999;Male;verified;06/07/2023;REF-8185
NBC0423;Erika Maulana;327355******;erika.maulana766@hotmail.com;81531340266;Surabaya;Jawa Timur;09/11/1989;Female;verified;06/03/2022;REF-4260
NBC0424;Tania Iskandar;327163******;tania.iskandar501@hotmail.com;88256862110;Surabaya;Jawa Timur;28/08/1980;Female;verified;15/11/2022;REF-1223
NBC0425;Putri Santoso;357864******;putri.santoso612@gmail.com;85744716392;Bogor;Jawa Barat;07/12/1997;Female;verified;18/01/2023;REF-2884
NBC0426;Vivi Wibowo;327535******;vivi.wibowo486@gmail.com;88892392312;Surabaya;Jawa Timur;31/12/1992;Female;verified;20/03/2022;REF-4148
NBC0427;Diah Saputra;517135******;diah.saputra94@gmail.com;85684335670;Padang;Sumatera Barat;14/11/1997;Female;pending;24/05/2024;REF-5985
NBC0428;Wahyu Iskandar;357863******;wahyu.iskandar253@outlook.com;81200053474;Jakarta;DKI Jakarta;17/03/2002;Male;verified;26/07/2022;REF-5133
NBC0429;Zahra Mahendra;347124******;zahra.mahendra100@gmail.com;88825559895;Bandung;Jawa Barat;08/09/1985;Female;pending;20/07/2023;REF-7292
NBC0430;Eko Nugroho;517125******;eko.nugroho43@yahoo.com;82711895473;Pontianak;Kalimantan Barat;07/12/1998;Male;verified;11/11/2022;REF-4140
NBC0431;Cahyo Susanto;167154******;cahyo.susanto917@outlook.com;85161768802;Jakarta;DKI Jakarta;16/11/2001;Male;verified;16/07/2023;REF-3112
NBC0432;Maulana Santoso;337460******;maulana.santoso507@gmail.com;82786866943;Jakarta;DKI Jakarta;04/04/1983;Male;pending;08/01/2022;REF-4568
NBC0433;Siti Cahyadi;127174******;siti.cahyadi725@outlook.com;83344812308;Surabaya;Jawa Timur;07/09/1985;Female;pending;21/08/2023;REF-3427
NBC0434;Sari Nugroho;347116******;sari.nugroho658@yahoo.com;82810595518;Surabaya;Jawa Timur;05/11/1986;Female;verified;01/10/2022;REF-5831
NBC0435;Andi Pratama;357838******;andi.pratama749@outlook.com;82408916498;Bandung;Jawa Barat;31/03/1984;Male;verified;24/06/2024;REF-5403
NBC0436;Satria Wardana;327367******;satria.wardana238@hotmail.com;83271727223;Medan;Sumatera Utara;21/07/2000;Male;pending;01/10/2024;
NBC0437;Rio Saputra;347130******;rio.saputra907@yahoo.com;85931216376;Semarang;Jawa Tengah;01/07/1979;Male;pending;14/12/2024;REF-1193
NBC0438;Anita Tanjung;317124******;anita.tanjung847@gmail.com;88023142900;Medan;Sumatera Utara;09/10/1979;Female;rejected;15/01/2025;
NBC0439;Cahyo Setiawan;337427******;cahyo.setiawan492@hotmail.com;82457230848;Bali;Bali;09/07/1980;Male;verified;13/02/2022;
NBC0440;Rio Hartono;167163******;rio.hartono146@gmail.com;82036625436;Semarang;Jawa Tengah;21/10/2005;Male;verified;19/08/2022;REF-2804
NBC0441;Rio Rahman;327188******;rio.rahman342@gmail.com;83109226859;Jakarta;DKI Jakarta;19/02/1983;Male;verified;20/05/2024;REF-5940
NBC0442;Tika Rahman;327144******;tika.rahman939@hotmail.com;88541022526;Semarang;Jawa Tengah;14/01/1995;Female;verified;06/09/2024;
NBC0443;Bagas Iskandar;327321******;bagas.iskandar331@yahoo.com;82655767695;Surabaya;Jawa Timur;14/03/1981;Male;verified;19/05/2023;REF-9144
NBC0444;Haris Aditya;167139******;haris.aditya394@gmail.com;87689313503;Jakarta;DKI Jakarta;09/10/1975;Male;verified;13/01/2024;REF-3188
NBC0445;Citra Rahman;357827******;citra.rahman302@hotmail.com;82863330212;Bandung;Jawa Barat;07/12/1991;Female;verified;23/02/2022;REF-7958
NBC0446;Bambang Hartono;517119******;bambang.hartono489@yahoo.com;81252131096;Jakarta;DKI Jakarta;18/09/1981;Male;verified;09/01/2023;REF-3295
NBC0447;Vivi Firmansyah;127162******;vivi.firmansyah740@outlook.com;85041200928;Semarang;Jawa Tengah;12/03/1982;Female;verified;23/01/2022;REF-7940
NBC0448;Farah Susanto;517174******;farah.susanto314@yahoo.com;85241862369;Pontianak;Kalimantan Barat;06/07/1977;Female;verified;25/03/2023;REF-2264
NBC0449;Farah Effendi;357893******;farah.effendi658@hotmail.com;85205634111;Tangerang;Banten;09/04/1991;Female;verified;19/11/2023;REF-5623
NBC0450;Eko Kusuma;337486******;eko.kusuma12@outlook.com;82830341990;Surabaya;Jawa Timur;15/04/2000;Male;verified;17/09/2024;REF-6154
NBC0451;Surya Pratama;357846******;surya.pratama982@hotmail.com;87356521568;Semarang;Jawa Tengah;13/07/1979;Male;pending;25/10/2024;
NBC0452;Naufal Tanjung;127185******;naufal.tanjung890@gmail.com;83227113322;Jakarta;DKI Jakarta;02/07/1997;Male;verified;23/11/2024;
NBC0453;Jessica Mahendra;127126******;jessica.mahendra348@outlook.com;83960633991;Medan;Sumatera Utara;01/11/1981;Female;verified;15/10/2024;REF-1244
NBC0454;Surya Setiawan;127122******;surya.setiawan466@outlook.com;82421495511;Jakarta;DKI Jakarta;14/01/1983;Male;unverified;01/08/2024;REF-8753
NBC0455;Aisyah Halim;327325******;aisyah.halim996@hotmail.com;81546692758;Jakarta;DKI Jakarta;07/01/2003;Female;unverified;05/10/2023;REF-7769
NBC0456;Oka Wijaya;517192******;oka.wijaya59@yahoo.com;88802146296;Balikpapan;Kalimantan Timur;10/04/1978;Male;verified;02/04/2023;REF-8573
NBC0457;Yuni Gunawan;127192******;yuni.gunawan548@hotmail.com;81121663651;Medan;Sumatera Utara;26/03/1989;Female;pending;03/12/2023;
NBC0458;Bambang Effendi;327145******;bambang.effendi466@gmail.com;87272359096;Jakarta;DKI Jakarta;19/10/1977;Male;verified;11/01/2024;
NBC0459;Maya Santoso;337412******;maya.santoso976@hotmail.com;83421214614;Malang;Jawa Timur;02/04/1995;Female;rejected;09/05/2024;REF-5250
NBC0460;Andi Setiawan;327553******;andi.setiawan987@outlook.com;82356778265;Surabaya;Jawa Timur;01/08/2000;Male;pending;07/03/2024;
NBC0461;Olivia Suryadi;327195******;olivia.suryadi593@yahoo.com;83502727516;Bandung;Jawa Barat;15/10/1986;Female;unverified;02/12/2024;
NBC0462;Hani Halim;517122******;hani.halim38@yahoo.com;88368296353;Jakarta;DKI Jakarta;29/07/1983;Female;verified;30/01/2022;REF-6960
NBC0463;Surya Cahyadi;327199******;surya.cahyadi512@hotmail.com;85655868512;Bandung;Jawa Barat;01/08/1995;Male;verified;27/05/2024;REF-3664
NBC0464;Yusuf Hakim;327591******;yusuf.hakim291@gmail.com;81110961798;Palembang;Sumatera Selatan;22/06/1979;Male;verified;28/06/2024;REF-1534
NBC0465;Cindy Anwar;337468******;cindy.anwar565@hotmail.com;81371576605;Makassar;Sulawesi Selatan;16/01/1985;Female;verified;05/11/2024;REF-5333
NBC0466;Reza Wibowo;317163******;reza.wibowo34@gmail.com;81258955296;Medan;Sumatera Utara;06/11/1985;Male;verified;12/03/2024;REF-7444
NBC0467;Mira Zulkarnain;327391******;mira.zulkarnain400@yahoo.com;85582631281;Medan;Sumatera Utara;29/04/2003;Female;pending;13/03/2024;
NBC0468;Rina Maulana;357836******;rina.maulana96@gmail.com;81609209819;Jakarta;DKI Jakarta;26/02/1992;Female;verified;21/02/2022;
NBC0469;Faisal Rahman;327340******;faisal.rahman669@yahoo.com;83383640412;Jakarta;DKI Jakarta;22/02/2003;Male;verified;17/02/2022;REF-2694
NBC0470;Pandu Sugiarto;327128******;pandu.sugiarto290@outlook.com;82117536170;Surabaya;Jawa Timur;23/07/1993;Male;verified;31/05/2022;REF-2250
NBC0471;Reza Tanjung;357891******;reza.tanjung931@hotmail.com;82240299015;Semarang;Jawa Tengah;22/07/1990;Male;verified;18/09/2024;
NBC0472;Siti Maulana;167142******;siti.maulana949@gmail.com;82908088235;Jakarta;DKI Jakarta;24/02/1980;Female;verified;21/03/2023;REF-3270
NBC0473;Dwi Nugroho;347145******;dwi.nugroho494@yahoo.com;81584776863;Jakarta;DKI Jakarta;21/03/1986;Male;verified;21/12/2022;REF-5605
NBC0474;Fitri Firmansyah;327336******;fitri.firmansyah977@hotmail.com;85769459196;Jakarta;DKI Jakarta;04/04/1994;Female;pending;14/02/2023;REF-7126
NBC0475;Dewi Halim;327314******;dewi.halim982@outlook.com;87649856012;Jakarta;DKI Jakarta;22/06/1989;Female;verified;29/05/2024;
NBC0476;Bayu Anwar;357857******;bayu.anwar149@outlook.com;81050537953;Bandung;Jawa Barat;11/03/2000;Male;unverified;16/05/2022;REF-4476
NBC0477;Eko Iskandar;517195******;eko.iskandar77@hotmail.com;88655330770;Bali;Bali;24/04/1987;Male;verified;12/05/2024;REF-8418
NBC0478;Taufik Tanjung;337483******;taufik.tanjung22@outlook.com;81907426088;Makassar;Sulawesi Selatan;02/10/1976;Male;verified;22/11/2023;REF-2137
NBC0479;Reza Firmansyah;347150******;reza.firmansyah772@outlook.com;85185790647;Jakarta;DKI Jakarta;16/02/1997;Male;verified;06/09/2022;
NBC0480;Fitri Saputra;337416******;fitri.saputra846@gmail.com;82156321358;Bali;Bali;22/03/1975;Female;verified;18/04/2022;REF-1705
NBC0481;Surya Kusuma;347152******;surya.kusuma705@hotmail.com;83229712529;Bandung;Jawa Barat;16/07/1993;Male;verified;04/07/2024;REF-9548
NBC0482;Maulana Effendi;127145******;maulana.effendi330@hotmail.com;82144158331;Manado;Sulawesi Utara;16/05/1978;Male;verified;09/10/2024;REF-1215
NBC0483;Farah Tanjung;337472******;farah.tanjung108@outlook.com;82988547281;Jakarta;DKI Jakarta;31/10/1980;Female;verified;25/03/2023;
NBC0484;Dedi Cahyadi;337461******;dedi.cahyadi193@gmail.com;83624912711;Bandung;Jawa Barat;16/10/1985;Male;verified;03/02/2022;
NBC0485;Ahmad Effendi;167167******;ahmad.effendi361@outlook.com;81815632686;Bandung;Jawa Barat;13/10/1997;Male;verified;15/11/2023;REF-5466
NBC0486;Andi Tanjung;327534******;andi.tanjung302@yahoo.com;85294897861;Jakarta;DKI Jakarta;22/07/2005;Male;verified;13/04/2022;REF-2819
NBC0487;Andi Wijaya;517144******;andi.wijaya245@gmail.com;87143966613;Bandung;Jawa Barat;13/01/1987;Male;pending;11/10/2024;REF-4335
NBC0488;Rio Hakim;317122******;rio.hakim190@hotmail.com;88432512257;Pontianak;Kalimantan Barat;12/05/1981;Male;verified;27/01/2022;REF-8011
NBC0489;Joko Susanto;327131******;joko.susanto696@gmail.com;87579073710;Jakarta;DKI Jakarta;12/10/1975;Male;verified;19/08/2023;
NBC0490;Iwan Hidayat;327122******;iwan.hidayat312@outlook.com;85758474570;Bandung;Jawa Barat;26/10/1990;Male;verified;09/09/2023;
NBC0491;Bilqis Effendi;327144******;bilqis.effendi703@gmail.com;82632570396;Jakarta;DKI Jakarta;14/02/1991;Female;verified;27/02/2023;
NBC0492;Yusuf Hartono;347190******;yusuf.hartono696@hotmail.com;87245569644;Surabaya;Jawa Timur;20/07/1983;Male;verified;26/03/2022;REF-6624
NBC0493;Gita Zulkarnain;127182******;gita.zulkarnain992@outlook.com;83107272849;Balikpapan;Kalimantan Timur;14/01/2000;Female;verified;30/11/2022;REF-5722
NBC0494;Rio Pratama;127115******;rio.pratama223@outlook.com;87107406500;Semarang;Jawa Tengah;12/04/1986;Male;verified;10/10/2022;REF-5641
NBC0495;Intan Hidayat;327144******;intan.hidayat147@yahoo.com;85914307536;Bandung;Jawa Barat;15/12/1993;Female;verified;28/03/2024;
NBC0496;Oka Firmansyah;517149******;oka.firmansyah178@hotmail.com;88592342683;Jakarta;DKI Jakarta;03/07/1988;Male;verified;17/09/2023;REF-8555
NBC0497;Yusuf Zulkarnain;327127******;yusuf.zulkarnain540@hotmail.com;88585756766;Yogyakarta;DI Yogyakarta;10/09/1995;Male;unverified;26/02/2022;
NBC0498;Hendra Yudha;327127******;hendra.yudha630@outlook.com;82985298940;Semarang;Jawa Tengah;12/08/1992;Male;verified;15/09/2022;REF-1097
NBC0499;Galih Budiman;127116******;galih.budiman87@gmail.com;83159149750;Jakarta;DKI Jakarta;12/06/1980;Male;unverified;12/11/2024;
NBC0500;Luki Budiman;327381******;luki.budiman759@hotmail.com;82324407931;Bogor;Jawa Barat;05/01/1978;Male;rejected;01/01/2022;REF-2983
NBC0501;Nanda Anwar;327170******;nanda.anwar26@hotmail.com;85014672384;Surabaya;Jawa Timur;27/06/2002;Male;verified;18/06/2024;
NBC0502;Diah Hidayat;317133******;diah.hidayat146@yahoo.com;82883774419;Medan;Sumatera Utara;10/02/1997;Female;verified;23/01/2024;REF-7409
NBC0503;Eko Gunawan;327564******;eko.gunawan152@gmail.com;83719609409;Jakarta;DKI Jakarta;09/12/1994;Male;pending;29/03/2022;
NBC0504;Gilang Gunawan;127145******;gilang.gunawan10@yahoo.com;83883586812;Surabaya;Jawa Timur;03/06/2004;Male;verified;07/11/2022;REF-6558
NBC0505;Gilang Iskandar;347160******;gilang.iskandar70@hotmail.com;85792988425;Bandung;Jawa Barat;31/05/2001;Male;unverified;14/12/2023;REF-7615
NBC0506;Ahmad Maulana;337422******;ahmad.maulana682@gmail.com;85753312661;Bandung;Jawa Barat;11/10/1977;Male;verified;28/05/2023;REF-2194
NBC0507;Wahyu Saputra;327351******;wahyu.saputra111@hotmail.com;85298334774;Bandung;Jawa Barat;11/02/1985;Male;pending;17/02/2023;
NBC0508;Jaka Suryadi;327184******;jaka.suryadi25@gmail.com;82020569815;Jakarta;DKI Jakarta;25/04/1983;Male;rejected;17/12/2024;REF-4399
NBC0509;Gracia Cahyadi;357855******;gracia.cahyadi634@yahoo.com;81766191284;Surabaya;Jawa Timur;12/07/1979;Female;verified;30/08/2022;REF-1843
NBC0510;Wulan Saputra;337447******;wulan.saputra945@outlook.com;85512418938;Bandung;Jawa Barat;02/06/2002;Female;verified;21/10/2024;REF-1928
NBC0511;Fajar Effendi;347193******;fajar.effendi31@gmail.com;83643502385;Surabaya;Jawa Timur;03/10/2004;Male;verified;08/05/2022;REF-2194
NBC0512;Mira Wijaya;357819******;mira.wijaya973@hotmail.com;87918724010;Bandung;Jawa Barat;11/04/1997;Female;verified;05/11/2024;REF-6738
NBC0513;Surya Lestari;317117******;surya.lestari27@yahoo.com;87960870662;Medan;Sumatera Utara;11/04/1994;Male;pending;24/05/2024;REF-2893
NBC0514;Rangga Salim;357834******;rangga.salim352@hotmail.com;81331903689;Jakarta;DKI Jakarta;20/01/1977;Male;verified;31/01/2022;
NBC0515;Andi Kusuma;317126******;andi.kusuma450@yahoo.com;83055934296;Surabaya;Jawa Timur;22/06/1996;Male;verified;08/09/2022;REF-2251
NBC0516;Kevin Anwar;127155******;kevin.anwar920@yahoo.com;85458438458;Jakarta;DKI Jakarta;01/08/1997;Male;pending;02/08/2022;REF-7731
NBC0517;Prita Darmawan;347120******;prita.darmawan209@yahoo.com;87348315203;Semarang;Jawa Tengah;01/10/1994;Female;verified;18/07/2024;
NBC0518;Rizki Iskandar;347185******;rizki.iskandar394@outlook.com;81049670667;Bali;Bali;28/12/1976;Male;verified;05/04/2023;REF-4021
NBC0519;Kirana Santoso;347114******;kirana.santoso555@outlook.com;81954930596;Surabaya;Jawa Timur;06/03/1994;Female;verified;27/04/2022;
NBC0520;Yanti Hakim;167169******;yanti.hakim435@outlook.com;82673204413;Jakarta;DKI Jakarta;08/05/1999;Female;verified;29/08/2023;REF-7465
NBC0521;Putra Salim;347194******;putra.salim257@gmail.com;81495427707;Jakarta;DKI Jakarta;26/05/1975;Male;verified;13/08/2024;REF-6877
NBC0522;Lukman Anwar;327517******;lukman.anwar594@gmail.com;83985172444;Surabaya;Jawa Timur;14/03/1997;Male;verified;18/09/2022;REF-3858
NBC0523;Rangga Santoso;337424******;rangga.santoso671@gmail.com;82879508304;Medan;Sumatera Utara;19/07/1986;Male;verified;03/02/2022;REF-6789
NBC0524;Rizki Wibowo;357823******;rizki.wibowo80@hotmail.com;81813359561;Jakarta;DKI Jakarta;17/10/2003;Male;rejected;23/05/2024;
NBC0525;Taufik Salim;357862******;taufik.salim919@outlook.com;85490250429;Medan;Sumatera Utara;23/02/1976;Male;verified;06/08/2022;REF-6129
NBC0526;Hendra Cahyadi;517154******;hendra.cahyadi963@yahoo.com;85902611398;Jakarta;DKI Jakarta;07/10/2000;Male;verified;27/01/2025;
NBC0527;Fajar Budiman;317187******;fajar.budiman484@hotmail.com;83439435353;Semarang;Jawa Tengah;13/06/1995;Male;verified;07/10/2023;
NBC0528;Nanda Halim;327556******;nanda.halim82@outlook.com;87815793763;Surabaya;Jawa Timur;16/07/2000;Male;verified;14/09/2022;
NBC0529;Reza Nugroho;517143******;reza.nugroho815@outlook.com;83511668297;Bandung;Jawa Barat;19/05/2003;Male;unverified;10/02/2023;
NBC0530;Siti Maulana;327163******;siti.maulana270@hotmail.com;88120602128;Jakarta;DKI Jakarta;29/09/1998;Female;pending;05/03/2024;
NBC0531;Zaki Wibowo;347125******;zaki.wibowo345@outlook.com;87991015767;Surabaya;Jawa Timur;18/07/1994;Male;rejected;16/08/2023;
NBC0532;Yanti Permana;517175******;yanti.permana86@yahoo.com;81995765728;Surabaya;Jawa Timur;19/05/2001;Female;rejected;27/07/2023;
NBC0533;Surya Darmawan;357816******;surya.darmawan578@hotmail.com;83565220368;Medan;Sumatera Utara;25/06/1987;Male;unverified;06/10/2023;REF-5666
NBC0534;Rio Iskandar;127166******;rio.iskandar230@yahoo.com;83491342138;Depok;Jawa Barat;26/10/1997;Male;verified;12/12/2022;REF-1651
NBC0535;Kirana Aditya;337410******;kirana.aditya501@gmail.com;83349678274;Medan;Sumatera Utara;01/12/1979;Female;verified;03/09/2022;REF-8082
NBC0536;Dimas Nugroho;347195******;dimas.nugroho120@outlook.com;81315285478;Jakarta;DKI Jakarta;23/02/2005;Male;pending;01/06/2022;
NBC0537;Rizki Zulkarnain;327176******;rizki.zulkarnain326@yahoo.com;87003296334;Semarang;Jawa Tengah;02/02/1996;Male;verified;07/11/2022;REF-4065
NBC0538;Tika Nugroho;337491******;tika.nugroho897@gmail.com;87306178932;Jakarta;DKI Jakarta;27/09/1976;Female;verified;06/05/2024;REF-7230
NBC0539;Putri Rahman;127177******;putri.rahman673@yahoo.com;83347769587;Banjarmasin;Kalimantan Selatan;02/04/1988;Female;pending;17/07/2022;REF-5706
NBC0540;Dedi Ramadhan;337494******;dedi.ramadhan436@gmail.com;82751562779;Malang;Jawa Timur;25/06/1993;Male;verified;26/04/2023;REF-5389
NBC0541;Reza Santoso;167151******;reza.santoso268@outlook.com;85676640473;Bandung;Jawa Barat;30/03/1990;Male;verified;04/04/2022;REF-7714
NBC0542;Iwan Aditya;337490******;iwan.aditya113@outlook.com;82980061558;Bali;Bali;05/11/1977;Male;verified;11/04/2022;REF-6932
NBC0543;Iwan Aditya;327539******;iwan.aditya298@yahoo.com;83563830008;Yogyakarta;DI Yogyakarta;07/08/1979;Male;pending;24/10/2024;REF-8944
NBC0544;Rio Firmansyah;317139******;rio.firmansyah647@yahoo.com;81416624111;Bandung;Jawa Barat;18/08/1997;Male;pending;30/04/2024;REF-9875
NBC0545;Indah Hartono;517160******;indah.hartono199@outlook.com;83680447314;Surabaya;Jawa Timur;05/06/2004;Female;pending;23/08/2024;REF-8037
NBC0546;Reza Iskandar;127146******;reza.iskandar930@yahoo.com;85076581739;Jakarta;DKI Jakarta;12/02/1976;Male;unverified;24/03/2024;
NBC0547;Ganesha Hartono;347152******;ganesha.hartono148@gmail.com;81823793126;Jakarta;DKI Jakarta;27/08/2002;Male;verified;27/08/2024;REF-4808
NBC0548;Haris Susanto;327549******;haris.susanto759@outlook.com;82059960438;Jakarta;DKI Jakarta;03/12/1996;Male;pending;22/01/2025;REF-4862
NBC0549;Cahyo Effendi;167181******;cahyo.effendi880@gmail.com;81616202812;Yogyakarta;DI Yogyakarta;08/11/1983;Male;verified;15/06/2024;
NBC0550;Bagas Darmawan;327390******;bagas.darmawan823@hotmail.com;82866041644;Semarang;Jawa Tengah;09/06/1998;Male;pending;23/10/2023;REF-7088
NBC0551;Jihan Hidayat;347176******;jihan.hidayat702@yahoo.com;87589477352;Medan;Sumatera Utara;14/05/1982;Female;verified;09/12/2024;
NBC0552;Taufik Yudha;327329******;taufik.yudha482@gmail.com;81433187510;Depok;Jawa Barat;13/01/2003;Male;verified;17/08/2024;REF-2093
NBC0553;Lukman Lestari;357890******;lukman.lestari15@yahoo.com;83469459648;Medan;Sumatera Utara;09/04/1999;Male;verified;19/02/2023;REF-3497
NBC0554;Luki Iskandar;327343******;luki.iskandar578@gmail.com;82896599949;Surabaya;Jawa Timur;26/12/2004;Male;unverified;27/08/2024;REF-1043
NBC0555;Maya Setiawan;517128******;maya.setiawan147@yahoo.com;85051028767;Bandung;Jawa Barat;03/09/1989;Female;unverified;12/09/2023;REF-2921
NBC0556;Zaki Tanjung;327570******;zaki.tanjung364@outlook.com;87581932426;Medan;Sumatera Utara;22/02/2000;Male;verified;23/06/2024;REF-5104
NBC0557;Lia Zulkarnain;357832******;lia.zulkarnain26@outlook.com;85563983652;Semarang;Jawa Tengah;24/06/1975;Female;verified;06/02/2023;REF-9618
NBC0558;Naufal Firmansyah;357822******;naufal.firmansyah933@outlook.com;83809404760;Jakarta;DKI Jakarta;08/05/1986;Male;unverified;16/07/2023;REF-1498
NBC0559;Gracia Gunawan;127132******;gracia.gunawan485@gmail.com;81509222161;Bandung;Jawa Barat;07/07/1977;Female;verified;27/06/2024;REF-2021
NBC0560;Kevin Iskandar;337493******;kevin.iskandar629@gmail.com;83529580660;Depok;Jawa Barat;30/11/1977;Male;verified;31/01/2023;
NBC0561;Dwi Iskandar;327132******;dwi.iskandar455@gmail.com;83938620448;Bandung;Jawa Barat;24/09/1990;Male;verified;30/08/2022;REF-2410
NBC0562;Farah Setiawan;327121******;farah.setiawan187@gmail.com;82590203571;Bandung;Jawa Barat;25/01/1986;Female;verified;23/09/2023;
NBC0563;Laras Nugroho;347116******;laras.nugroho389@outlook.com;82429563343;Jakarta;DKI Jakarta;11/12/1982;Female;verified;28/08/2023;REF-8202
NBC0564;Haris Rahman;517156******;haris.rahman358@hotmail.com;88209628936;Yogyakarta;DI Yogyakarta;24/07/1990;Male;unverified;15/08/2023;REF-9253
NBC0565;Zulfa Iskandar;327175******;zulfa.iskandar792@yahoo.com;83374018272;Surabaya;Jawa Timur;17/12/1995;Female;verified;24/10/2023;REF-7191
NBC0566;Bunga Ramadhan;327190******;bunga.ramadhan368@gmail.com;82675512542;Yogyakarta;DI Yogyakarta;10/12/1995;Female;verified;24/01/2025;REF-1356
NBC0567;Rangga Gunawan;517183******;rangga.gunawan712@hotmail.com;88673459576;Medan;Sumatera Utara;19/06/1988;Male;verified;24/03/2022;
NBC0568;Aisyah Cahyadi;327163******;aisyah.cahyadi437@outlook.com;87690282498;Medan;Sumatera Utara;26/11/1983;Female;rejected;13/10/2022;REF-6458
NBC0569;Citra Setiawan;347128******;citra.setiawan821@outlook.com;85627023244;Bandung;Jawa Barat;09/08/1978;Female;pending;14/01/2023;REF-4331
NBC0570;Dwi Wibowo;327397******;dwi.wibowo569@outlook.com;81725178637;Yogyakarta;DI Yogyakarta;25/12/2004;Male;verified;10/02/2024;
NBC0571;Aisyah Hartono;327526******;aisyah.hartono326@yahoo.com;85546968157;Bandung;Jawa Barat;18/01/2005;Female;verified;25/02/2022;REF-3918
NBC0572;Zahra Salim;357874******;zahra.salim843@gmail.com;87961327303;Bandung;Jawa Barat;17/07/1988;Female;verified;10/06/2024;REF-7292
NBC0573;Diah Hidayat;347149******;diah.hidayat397@hotmail.com;81462268171;Bandung;Jawa Barat;14/07/1990;Female;verified;27/07/2022;REF-7626
NBC0574;Siti Maulana;357826******;siti.maulana589@hotmail.com;88707660464;Manado;Sulawesi Utara;12/06/2003;Female;pending;26/08/2022;REF-8377
NBC0575;Hendra Effendi;357878******;hendra.effendi996@outlook.com;81268612059;Medan;Sumatera Utara;26/07/1986;Male;verified;09/02/2023;REF-8454
NBC0576;Faisal Hakim;317125******;faisal.hakim889@hotmail.com;85509546540;Jakarta;DKI Jakarta;07/05/1999;Male;verified;02/07/2023;REF-6847
NBC0577;Dedi Ramadhan;347191******;dedi.ramadhan37@gmail.com;83086321812;Bali;Bali;27/06/1981;Male;verified;07/10/2024;REF-5500
NBC0578;Faisal Wibowo;167182******;faisal.wibowo470@gmail.com;81550291681;Balikpapan;Kalimantan Timur;25/02/1990;Male;verified;11/09/2023;REF-1366
NBC0579;Endra Susanto;327165******;endra.susanto989@gmail.com;82944988305;Tangerang;Banten;19/09/2000;Male;verified;26/08/2024;REF-8158
NBC0580;Bambang Permana;347174******;bambang.permana688@gmail.com;87624406306;Yogyakarta;DI Yogyakarta;24/06/2004;Male;verified;23/09/2022;REF-8576
NBC0581;Ratna Ramadhan;327138******;ratna.ramadhan231@gmail.com;88531949796;Bandung;Jawa Barat;23/06/2003;Female;pending;05/11/2023;REF-8792
NBC0582;Siti Mahendra;357850******;siti.mahendra355@hotmail.com;82773826460;Jakarta;DKI Jakarta;20/08/2004;Female;verified;10/06/2022;REF-6657
NBC0583;Endra Budiman;357848******;endra.budiman299@outlook.com;85702992959;Surabaya;Jawa Timur;11/05/1994;Male;verified;30/04/2024;
NBC0584;Rio Darmawan;337458******;rio.darmawan944@yahoo.com;85911633194;Surabaya;Jawa Timur;05/01/1983;Male;pending;22/11/2022;
NBC0585;Bella Yudha;357837******;bella.yudha429@outlook.com;83515888636;Jakarta;DKI Jakarta;13/03/1997;Female;verified;08/08/2024;REF-8363
NBC0586;Joko Wardana;347110******;joko.wardana546@outlook.com;85216966630;Bali;Bali;05/10/2002;Male;verified;05/04/2023;REF-9247
NBC0587;Olivia Yudha;317151******;olivia.yudha625@yahoo.com;82971509688;Bali;Bali;29/08/1983;Female;verified;27/11/2022;REF-4920
NBC0588;Cahyo Suryadi;357826******;cahyo.suryadi301@gmail.com;81397739732;Jakarta;DKI Jakarta;12/09/1995;Male;pending;21/10/2024;REF-6427
NBC0589;Jihan Wibowo;127118******;jihan.wibowo8@gmail.com;88687616481;Depok;Jawa Barat;24/03/2002;Female;verified;29/12/2024;
NBC0590;Dwi Santoso;347160******;dwi.santoso849@gmail.com;83687611249;Banjarmasin;Kalimantan Selatan;06/01/1980;Male;pending;13/12/2022;REF-6567
NBC0591;Nanda Effendi;337443******;nanda.effendi100@outlook.com;88177345475;Padang;Sumatera Barat;15/03/1995;Male;pending;13/06/2023;REF-1585
NBC0592;Indah Budiman;347113******;indah.budiman227@outlook.com;87544294774;Surabaya;Jawa Timur;05/12/1981;Female;rejected;21/09/2022;REF-5789
NBC0593;Rina Lestari;317137******;rina.lestari598@outlook.com;82904588679;Surabaya;Jawa Timur;23/08/1982;Female;verified;06/12/2023;REF-9209
NBC0594;Wahyu Tanjung;127192******;wahyu.tanjung174@hotmail.com;82760153433;Bali;Bali;25/09/1981;Male;pending;24/07/2023;REF-2959
NBC0595;Yuni Darmawan;127182******;yuni.darmawan935@gmail.com;88833506158;Bandung;Jawa Barat;05/01/1978;Female;verified;10/07/2023;REF-9761
NBC0596;Kirana Setiawan;317167******;kirana.setiawan581@yahoo.com;82423372094;Surabaya;Jawa Timur;05/10/1999;Female;verified;23/07/2023;REF-4113
NBC0597;Dewi Nugroho;167148******;dewi.nugroho63@yahoo.com;82399771805;Yogyakarta;DI Yogyakarta;08/06/2003;Female;rejected;30/05/2022;REF-2907
NBC0598;Ganesha Suryadi;327179******;ganesha.suryadi604@yahoo.com;87749096173;Semarang;Jawa Tengah;02/06/2001;Male;unverified;23/07/2024;
NBC0599;Reza Iskandar;127190******;reza.iskandar181@outlook.com;87784448354;Medan;Sumatera Utara;28/05/2005;Male;unverified;27/10/2024;REF-8209
NBC0600;Galih Permana;127110******;galih.permana327@hotmail.com;85221641758;Semarang;Jawa Tengah;12/03/1983;Male;pending;01/02/2023;
NBC0601;Maya Firmansyah;167149******;maya.firmansyah328@hotmail.com;81493925236;Pekanbaru;Riau;15/09/1982;Female;verified;20/11/2022;REF-3574
NBC0602;Jaka Effendi;517163******;jaka.effendi799@outlook.com;82474524555;Depok;Jawa Barat;05/03/1995;Male;verified;23/09/2023;REF-7447
NBC0603;Siti Wardana;317162******;siti.wardana363@yahoo.com;85403344505;Medan;Sumatera Utara;06/03/1994;Female;pending;23/02/2024;REF-4267
NBC0604;Prita Cahyadi;127145******;prita.cahyadi110@gmail.com;82257970673;Jakarta;DKI Jakarta;26/07/1987;Female;verified;08/02/2024;REF-1919
NBC0605;Sari Aditya;357866******;sari.aditya946@outlook.com;81721562294;Bandung;Jawa Barat;01/10/2000;Female;verified;14/02/2023;REF-8180
NBC0606;Maulana Aditya;347181******;maulana.aditya544@outlook.com;88021557325;Yogyakarta;DI Yogyakarta;04/01/1996;Male;verified;12/04/2023;REF-6456
NBC0607;Cahyo Susanto;347187******;cahyo.susanto766@gmail.com;82166670808;Bandung;Jawa Barat;03/10/1991;Male;verified;03/02/2022;REF-1525
NBC0608;Vina Aditya;127146******;vina.aditya589@outlook.com;88119181828;Surabaya;Jawa Timur;08/12/1978;Female;verified;17/08/2024;REF-4127
NBC0609;Bilqis Zulkarnain;347169******;bilqis.zulkarnain463@yahoo.com;88512957860;Bandung;Jawa Barat;03/01/1993;Female;verified;25/08/2023;REF-7388
NBC0610;Made Ramadhan;327529******;made.ramadhan266@yahoo.com;87587395923;Semarang;Jawa Tengah;26/08/1981;Male;verified;27/02/2023;REF-2653
NBC0611;Pandu Wijaya;327379******;pandu.wijaya357@gmail.com;83533342643;Jakarta;DKI Jakarta;29/09/1984;Male;verified;29/12/2023;REF-8203
NBC0612;Yusuf Saputra;127136******;yusuf.saputra390@gmail.com;85763369112;Yogyakarta;DI Yogyakarta;23/09/1997;Male;unverified;23/11/2024;REF-4434
NBC0613;Haris Rahman;357863******;haris.rahman196@yahoo.com;81857481700;Bandung;Jawa Barat;18/01/1992;Male;pending;10/05/2024;REF-2639
NBC0614;Surya Kusuma;327593******;surya.kusuma308@yahoo.com;88167045023;Banjarmasin;Kalimantan Selatan;15/12/1982;Male;verified;19/01/2022;REF-3551
NBC0615;Ganesha Wijaya;317186******;ganesha.wijaya822@yahoo.com;88459626228;Jakarta;DKI Jakarta;16/10/1981;Male;verified;07/01/2023;REF-2792
NBC0616;Ayu Darmawan;337449******;ayu.darmawan414@outlook.com;83950050702;Jakarta;DKI Jakarta;15/04/1993;Female;verified;06/04/2022;REF-9604
NBC0617;Eko Pratama;357838******;eko.pratama95@hotmail.com;81177687290;Jakarta;DKI Jakarta;20/12/1988;Male;verified;02/09/2024;REF-5208
NBC0618;Yoga Aditya;357888******;yoga.aditya685@gmail.com;85793238223;Jakarta;DKI Jakarta;27/07/2004;Male;verified;18/06/2022;
NBC0619;Tika Hartono;337438******;tika.hartono257@yahoo.com;88457988942;Bandung;Jawa Barat;17/09/1989;Female;verified;14/05/2024;REF-3379
NBC0620;Bunga Tanjung;317135******;bunga.tanjung187@gmail.com;82032650977;Bandung;Jawa Barat;05/06/1990;Female;verified;20/01/2023;REF-7646
NBC0621;Luki Gunawan;517143******;luki.gunawan559@hotmail.com;81485524578;Surabaya;Jawa Timur;21/06/1995;Male;verified;17/07/2022;REF-6609
NBC0622;Rina Kusuma;357864******;rina.kusuma658@gmail.com;87213711842;Jakarta;DKI Jakarta;05/08/1990;Female;verified;21/09/2023;REF-2359
NBC0623;Intan Permana;327575******;intan.permana200@yahoo.com;88303589298;Jakarta;DKI Jakarta;21/07/1998;Female;verified;07/04/2022;
NBC0624;Made Budiman;327357******;made.budiman163@gmail.com;88293289634;Surabaya;Jawa Timur;12/03/1977;Male;unverified;31/03/2024;REF-9548
NBC0625;Gracia Gunawan;357827******;gracia.gunawan739@outlook.com;81148439910;Jakarta;DKI Jakarta;29/05/1993;Female;verified;15/10/2022;REF-3625
NBC0626;Putri Wardana;327392******;putri.wardana430@hotmail.com;87335134261;Bandung;Jawa Barat;13/04/2001;Female;unverified;07/11/2022;REF-3333
NBC0627;Aisyah Ramadhan;317191******;aisyah.ramadhan121@outlook.com;87197374189;Jakarta;DKI Jakarta;20/05/1995;Female;verified;11/11/2022;REF-6593
NBC0628;Bunga Tanjung;347124******;bunga.tanjung642@hotmail.com;85927438119;Malang;Jawa Timur;14/11/2001;Female;unverified;13/01/2024;REF-9102
NBC0629;Diah Yudha;317191******;diah.yudha108@outlook.com;88448564510;Malang;Jawa Timur;15/07/1979;Female;unverified;21/09/2024;REF-9109
NBC0630;Bagas Iskandar;327172******;bagas.iskandar575@hotmail.com;87860919191;Yogyakarta;DI Yogyakarta;08/04/1980;Male;verified;04/05/2023;REF-7911
NBC0631;Winda Wijaya;357892******;winda.wijaya808@hotmail.com;85980660392;Surabaya;Jawa Timur;31/01/1976;Female;verified;05/11/2023;REF-7752
NBC0632;Yanti Gunawan;347155******;yanti.gunawan839@outlook.com;83347057423;Bandung;Jawa Barat;20/01/2000;Female;verified;25/01/2025;REF-7575
NBC0633;Bilqis Permana;127121******;bilqis.permana342@outlook.com;87835411659;Jakarta;DKI Jakarta;21/04/1997;Female;verified;17/01/2023;
NBC0634;Cahyo Darmawan;357853******;cahyo.darmawan826@hotmail.com;83225013948;Jakarta;DKI Jakarta;24/10/2003;Male;verified;30/08/2023;
NBC0635;Zaki Kusuma;337421******;zaki.kusuma93@hotmail.com;83258562614;Surabaya;Jawa Timur;08/07/2002;Male;unverified;18/06/2022;REF-4683
NBC0636;Rizki Wibowo;167129******;rizki.wibowo684@outlook.com;81733337320;Jakarta;DKI Jakarta;24/04/1988;Male;pending;15/05/2023;
NBC0637;Gracia Halim;327581******;gracia.halim565@yahoo.com;85289696454;Jakarta;DKI Jakarta;07/05/1994;Female;verified;29/01/2024;REF-4845
NBC0638;Vino Kusuma;327351******;vino.kusuma881@yahoo.com;87921878519;Yogyakarta;DI Yogyakarta;21/03/1985;Male;verified;15/12/2023;
NBC0639;Lia Lestari;127144******;lia.lestari589@gmail.com;85977961208;Bali;Bali;12/02/1995;Female;verified;28/04/2022;
NBC0640;Cahyo Hidayat;327197******;cahyo.hidayat363@gmail.com;88494097626;Semarang;Jawa Tengah;26/08/1984;Male;pending;14/07/2024;REF-5991
NBC0641;Maulana Cahyadi;327528******;maulana.cahyadi785@outlook.com;81905911918;Yogyakarta;DI Yogyakarta;23/07/1993;Male;pending;27/11/2022;
NBC0642;Pandu Permana;327313******;pandu.permana665@hotmail.com;88151169666;Semarang;Jawa Tengah;12/04/1996;Male;verified;11/10/2022;
NBC0643;Surya Rahman;327365******;surya.rahman901@outlook.com;85124633515;Yogyakarta;DI Yogyakarta;07/04/1995;Male;verified;12/07/2022;REF-1334
NBC0644;Citra Santoso;357822******;citra.santoso173@gmail.com;87005640995;Jakarta;DKI Jakarta;10/02/1978;Female;verified;20/12/2022;REF-9162
NBC0645;Luki Rahman;327197******;luki.rahman935@yahoo.com;87592728270;Yogyakarta;DI Yogyakarta;27/11/2002;Male;unverified;21/03/2022;
NBC0646;Gita Firmansyah;347123******;gita.firmansyah358@yahoo.com;87821739295;Medan;Sumatera Utara;25/05/1995;Female;verified;27/01/2025;
NBC0647;Gita Kusuma;357841******;gita.kusuma375@yahoo.com;82736050791;Bandung;Jawa Barat;27/04/1998;Female;verified;06/07/2022;REF-6251
NBC0648;Mira Aditya;167160******;mira.aditya776@yahoo.com;83527346666;Bali;Bali;11/09/1978;Female;unverified;01/10/2024;REF-2709
NBC0649;Ganesha Tanjung;347173******;ganesha.tanjung806@outlook.com;88080314998;Bandung;Jawa Barat;11/10/1982;Male;verified;05/10/2023;
NBC0650;Andi Firmansyah;327534******;andi.firmansyah361@gmail.com;88688285031;Bandung;Jawa Barat;06/07/1995;Male;verified;16/01/2023;
NBC0651;Dewi Anwar;127136******;dewi.anwar585@gmail.com;81631403526;Jakarta;DKI Jakarta;30/03/1985;Female;verified;01/02/2024;
NBC0652;Hadi Hidayat;517141******;hadi.hidayat637@outlook.com;85943460666;Jakarta;DKI Jakarta;23/06/1987;Male;verified;24/01/2023;
NBC0653;Pandu Pratama;327515******;pandu.pratama713@hotmail.com;82311127128;Surabaya;Jawa Timur;07/09/1989;Male;verified;09/12/2022;
NBC0654;Arif Wardana;347178******;arif.wardana294@outlook.com;87411631873;Jakarta;DKI Jakarta;13/09/1980;Male;unverified;27/11/2024;
NBC0655;Eko Sugiarto;337414******;eko.sugiarto854@hotmail.com;82113695727;Surabaya;Jawa Timur;12/10/2001;Male;verified;26/03/2022;REF-9251
NBC0656;Laras Anwar;357815******;laras.anwar583@gmail.com;82542573066;Semarang;Jawa Tengah;13/11/1981;Female;verified;21/08/2023;REF-4690
NBC0657;Krisna Mahendra;127113******;krisna.mahendra893@hotmail.com;81398482285;Medan;Sumatera Utara;18/07/1977;Male;verified;17/08/2022;REF-7716
NBC0658;Ahmad Maulana;357857******;ahmad.maulana40@yahoo.com;81306090691;Jakarta;DKI Jakarta;26/01/1985;Male;verified;14/03/2022;REF-2211
NBC0659;Ganesha Tanjung;347197******;ganesha.tanjung631@hotmail.com;85379457727;Surabaya;Jawa Timur;24/01/1999;Male;verified;08/01/2024;REF-5699
NBC0660;Kartika Tanjung;347130******;kartika.tanjung377@gmail.com;85420768362;Jakarta;DKI Jakarta;07/02/2003;Female;verified;24/12/2023;REF-7648
NBC0661;Reza Gunawan;127166******;reza.gunawan976@hotmail.com;85555628333;Yogyakarta;DI Yogyakarta;26/07/1983;Male;verified;03/02/2023;
NBC0662;Prita Salim;127180******;prita.salim884@hotmail.com;83436271874;Depok;Jawa Barat;21/12/2002;Female;verified;24/04/2024;REF-4558
NBC0663;Iwan Tanjung;167165******;iwan.tanjung185@hotmail.com;81369249269;Depok;Jawa Barat;15/11/1983;Male;unverified;05/11/2022;REF-8677
NBC0664;Endra Nugroho;127150******;endra.nugroho626@gmail.com;88111000515;Semarang;Jawa Tengah;01/01/1991;Male;verified;20/02/2023;
NBC0665;Ulfa Kusuma;357889******;ulfa.kusuma932@outlook.com;87775244182;Surabaya;Jawa Timur;26/10/1981;Female;verified;01/12/2022;REF-9721
NBC0666;Cindy Maulana;167180******;cindy.maulana644@hotmail.com;88431271026;Surabaya;Jawa Timur;17/03/1996;Female;verified;16/02/2024;REF-1326
NBC0667;Zahra Halim;517183******;zahra.halim187@hotmail.com;81795515122;Surabaya;Jawa Timur;29/12/2002;Female;unverified;07/09/2023;REF-3449
NBC0668;Yoga Suryadi;357847******;yoga.suryadi729@gmail.com;83970996254;Bogor;Jawa Barat;13/08/1983;Male;verified;17/11/2024;REF-9526
NBC0669;Ayu Darmawan;357831******;ayu.darmawan54@yahoo.com;88447650471;Jakarta;DKI Jakarta;07/12/1989;Female;pending;06/03/2022;REF-1174
NBC0670;Ayu Firmansyah;327535******;ayu.firmansyah927@hotmail.com;85604655866;Medan;Sumatera Utara;07/05/1990;Female;verified;29/09/2022;
NBC0671;Lia Suryadi;127146******;lia.suryadi274@gmail.com;85158102131;Jakarta;DKI Jakarta;11/12/1982;Female;unverified;04/02/2024;REF-4882
NBC0672;Dewi Pratama;317153******;dewi.pratama892@gmail.com;82975191023;Bandung;Jawa Barat;22/08/1978;Female;verified;16/01/2023;REF-2500
NBC0673;Arif Lestari;337416******;arif.lestari735@gmail.com;85583737927;Manado;Sulawesi Utara;03/12/1987;Male;pending;06/05/2022;REF-9316
NBC0674;Joko Suryadi;347128******;joko.suryadi900@yahoo.com;88113253269;Jakarta;DKI Jakarta;23/04/1988;Male;verified;24/04/2024;REF-5676
NBC0675;Oka Rahman;337477******;oka.rahman8@outlook.com;83210175096;Jakarta;DKI Jakarta;02/08/1978;Male;verified;02/07/2024;REF-2445
NBC0676;Hendra Salim;517196******;hendra.salim983@gmail.com;87457575747;Bali;Bali;22/01/1989;Male;verified;23/01/2025;
NBC0677;Naufal Maulana;317198******;naufal.maulana362@hotmail.com;85756777226;Medan;Sumatera Utara;27/10/1993;Male;pending;20/02/2022;
NBC0678;Anita Hidayat;327556******;anita.hidayat15@hotmail.com;88229231067;Jakarta;DKI Jakarta;21/09/1981;Female;verified;09/07/2023;REF-1355
NBC0679;Iwan Firmansyah;167145******;iwan.firmansyah234@yahoo.com;85976627051;Jakarta;DKI Jakarta;01/01/1978;Male;verified;25/10/2023;
NBC0680;Indah Wibowo;167173******;indah.wibowo823@yahoo.com;85704254969;Pekanbaru;Riau;19/06/1980;Female;verified;23/09/2022;REF-6588
NBC0681;Vivi Nugroho;357882******;vivi.nugroho994@hotmail.com;81075633535;Malang;Jawa Timur;08/06/2003;Female;rejected;02/09/2024;
NBC0682;Mira Mahendra;337426******;mira.mahendra989@outlook.com;88939933797;Surabaya;Jawa Timur;14/11/1975;Female;verified;04/10/2023;REF-2566
NBC0683;Hadi Ramadhan;327177******;hadi.ramadhan503@hotmail.com;87417634250;Medan;Sumatera Utara;01/04/1996;Male;verified;21/05/2023;REF-1050
NBC0684;Rangga Effendi;167128******;rangga.effendi803@outlook.com;83759833991;Semarang;Jawa Tengah;05/04/1988;Male;verified;05/05/2022;
NBC0685;Irfan Hakim;337458******;irfan.hakim434@gmail.com;83432400615;Jakarta;DKI Jakarta;09/11/1995;Male;verified;30/10/2022;REF-7259
NBC0686;Olivia Halim;357823******;olivia.halim960@outlook.com;85439742925;Bandung;Jawa Barat;05/10/1975;Female;verified;11/09/2022;REF-6349
NBC0687;Zahra Hidayat;357858******;zahra.hidayat564@gmail.com;88656259045;Jakarta;DKI Jakarta;16/05/2000;Female;verified;22/03/2022;
NBC0688;Cahyo Nugroho;127118******;cahyo.nugroho950@gmail.com;82218231555;Semarang;Jawa Tengah;22/08/1978;Male;unverified;25/04/2024;REF-2139
NBC0689;Kevin Santoso;167163******;kevin.santoso658@hotmail.com;88281372143;Jakarta;DKI Jakarta;25/09/1985;Male;verified;26/04/2022;REF-1396
NBC0690;Bambang Lestari;127115******;bambang.lestari44@yahoo.com;82228556608;Jakarta;DKI Jakarta;29/12/1987;Male;unverified;05/10/2024;REF-7798
NBC0691;Bunga Suryadi;517114******;bunga.suryadi214@yahoo.com;87705195826;Jakarta;DKI Jakarta;18/07/1984;Female;unverified;08/11/2022;REF-5610
NBC0692;Wahyu Cahyadi;327530******;wahyu.cahyadi855@yahoo.com;87453546147;Manado;Sulawesi Utara;17/04/1976;Male;unverified;01/07/2024;REF-9385
NBC0693;Maya Permana;327115******;maya.permana397@gmail.com;88339439457;Jakarta;DKI Jakarta;09/06/1977;Female;pending;16/04/2023;REF-5134
NBC0694;Ahmad Firmansyah;317137******;ahmad.firmansyah850@yahoo.com;83376576927;Jakarta;DKI Jakarta;16/07/1996;Male;verified;08/08/2023;
NBC0695;Putri Kusuma;517123******;putri.kusuma906@gmail.com;81900404769;Jakarta;DKI Jakarta;26/02/1982;Female;verified;19/07/2022;REF-4527
NBC0696;Diah Salim;327145******;diah.salim428@gmail.com;83014247310;Jakarta;DKI Jakarta;17/05/1996;Female;verified;24/12/2022;REF-2410
NBC0697;Farah Iskandar;347112******;farah.iskandar720@hotmail.com;81231660076;Jakarta;DKI Jakarta;22/11/1995;Female;verified;24/04/2024;REF-1217
NBC0698;Bunga Kusuma;347146******;bunga.kusuma737@hotmail.com;82404337009;Medan;Sumatera Utara;12/07/1994;Female;verified;27/09/2024;
NBC0699;Zulfa Santoso;347156******;zulfa.santoso91@outlook.com;85782558825;Bandung;Jawa Barat;05/09/2003;Female;verified;12/12/2023;REF-7582
NBC0700;Vino Hakim;327396******;vino.hakim770@hotmail.com;88865619425;Banjarmasin;Kalimantan Selatan;02/02/1991;Male;verified;13/08/2024;REF-9834
NBC0701;Jihan Wijaya;357874******;jihan.wijaya941@yahoo.com;87582923616;Medan;Sumatera Utara;08/01/1980;Female;verified;23/10/2024;REF-9512
NBC0702;Budi Susanto;167195******;budi.susanto965@yahoo.com;88357155868;Jakarta;DKI Jakarta;19/06/2004;Male;rejected;15/03/2024;REF-6752
NBC0703;Vivi Hartono;337491******;vivi.hartono660@hotmail.com;82308172143;Tangerang;Banten;20/03/1993;Female;unverified;13/09/2023;
NBC0704;Eko Suryadi;317112******;eko.suryadi32@outlook.com;81321147165;Yogyakarta;DI Yogyakarta;04/09/2004;Male;verified;05/04/2024;REF-5918
NBC0705;Wahyu Anwar;347164******;wahyu.anwar635@hotmail.com;88990707550;Semarang;Jawa Tengah;22/06/1986;Male;verified;27/08/2024;
NBC0706;Kevin Hartono;327598******;kevin.hartono602@outlook.com;88706071748;Bandung;Jawa Barat;17/02/1979;Male;verified;19/06/2022;REF-2540
NBC0707;Endra Mahendra;337487******;endra.mahendra481@gmail.com;83487396102;Surabaya;Jawa Timur;14/08/2001;Male;verified;27/02/2022;
NBC0708;Irfan Permana;127145******;irfan.permana714@hotmail.com;87049187274;Makassar;Sulawesi Selatan;20/04/1982;Male;verified;23/03/2022;REF-6429
NBC0709;Arif Hidayat;327135******;arif.hidayat494@hotmail.com;82062604235;Bali;Bali;21/08/2005;Male;verified;07/10/2024;REF-8285
NBC0710;Gita Hartono;327327******;gita.hartono136@gmail.com;85756085816;Jakarta;DKI Jakarta;31/03/1996;Female;verified;10/03/2022;REF-7918
NBC0711;Dimas Susanto;357870******;dimas.susanto411@yahoo.com;82102192378;Bandung;Jawa Barat;30/09/1991;Male;verified;23/06/2023;REF-4039
NBC0712;Gita Wijaya;337435******;gita.wijaya151@outlook.com;82605080184;Jakarta;DKI Jakarta;08/04/2001;Female;verified;22/12/2024;REF-3245
NBC0713;Nanda Effendi;337434******;nanda.effendi680@hotmail.com;85731268812;Bali;Bali;03/12/2004;Male;pending;18/09/2022;
NBC0714;Galih Kusuma;127175******;galih.kusuma75@yahoo.com;82653460605;Bandung;Jawa Barat;13/09/1992;Male;verified;26/02/2022;REF-7122
NBC0715;Pandu Lestari;327371******;pandu.lestari630@hotmail.com;88239847169;Depok;Jawa Barat;21/05/1976;Male;verified;04/05/2024;REF-2390
NBC0716;Bilqis Hidayat;317157******;bilqis.hidayat285@hotmail.com;83754895478;Banjarmasin;Kalimantan Selatan;17/11/1996;Female;verified;01/03/2024;
NBC0717;Novi Nugroho;127153******;novi.nugroho94@hotmail.com;83889144449;Surabaya;Jawa Timur;13/01/1998;Female;verified;12/04/2023;REF-6311
NBC0718;Mira Suryadi;357849******;mira.suryadi197@outlook.com;87644963924;Yogyakarta;DI Yogyakarta;10/07/1983;Female;verified;11/01/2024;
NBC0719;Maya Gunawan;517176******;maya.gunawan178@gmail.com;88433952753;Surabaya;Jawa Timur;26/07/1992;Female;unverified;18/09/2024;
NBC0720;Farah Aditya;357828******;farah.aditya261@gmail.com;83168601347;Jakarta;DKI Jakarta;26/05/1995;Female;verified;22/07/2023;REF-7889
NBC0721;Andi Zulkarnain;127186******;andi.zulkarnain111@hotmail.com;85651221500;Jakarta;DKI Jakarta;25/02/1978;Male;verified;23/07/2023;REF-9769
NBC0722;Eko Zulkarnain;337415******;eko.zulkarnain913@gmail.com;81159446333;Semarang;Jawa Tengah;26/09/2002;Male;rejected;01/07/2023;
NBC0723;Nanda Hidayat;317180******;nanda.hidayat599@outlook.com;82263890219;Semarang;Jawa Tengah;19/07/2002;Male;verified;07/07/2023;
NBC0724;Nanda Yudha;337440******;nanda.yudha471@yahoo.com;82341034699;Surabaya;Jawa Timur;06/05/1992;Male;verified;02/07/2024;REF-2644
NBC0725;Cindy Halim;127129******;cindy.halim757@hotmail.com;87608437685;Jakarta;DKI Jakarta;12/06/1989;Female;unverified;12/02/2022;REF-7355
NBC0726;Olivia Anwar;357828******;olivia.anwar721@gmail.com;87626335564;Jakarta;DKI Jakarta;27/02/1986;Female;verified;19/08/2023;
NBC0727;Ganesha Saputra;517141******;ganesha.saputra661@gmail.com;85069556076;Bekasi;Jawa Barat;23/12/1994;Male;verified;18/05/2024;REF-5176
NBC0728;Putra Salim;347171******;putra.salim162@yahoo.com;82989830650;Surabaya;Jawa Timur;03/04/1985;Male;verified;04/07/2022;
NBC0729;Rangga Santoso;347120******;rangga.santoso538@outlook.com;85242642364;Bandung;Jawa Barat;23/06/1982;Male;pending;02/12/2024;REF-2511
NBC0730;Mira Permana;347180******;mira.permana482@hotmail.com;82303911142;Medan;Sumatera Utara;14/12/1998;Female;pending;12/09/2022;
NBC0731;Zahra Permana;327378******;zahra.permana955@yahoo.com;82052480880;Tangerang;Banten;31/08/1992;Female;verified;04/10/2022;REF-8685
NBC0732;Gilang Wibowo;517157******;gilang.wibowo588@outlook.com;85372132901;Jakarta;DKI Jakarta;06/12/1991;Male;verified;06/10/2022;REF-8549
NBC0733;Haris Wardana;167179******;haris.wardana744@hotmail.com;87785996486;Bandung;Jawa Barat;27/06/1982;Male;pending;27/10/2024;
NBC0734;Rizki Anwar;327186******;rizki.anwar377@outlook.com;81966645057;Yogyakarta;DI Yogyakarta;30/11/1983;Male;verified;02/02/2022;REF-3411
NBC0735;Naufal Nugroho;347160******;naufal.nugroho251@yahoo.com;81374767753;Jakarta;DKI Jakarta;13/10/1995;Male;verified;25/09/2022;REF-1841
NBC0736;Hadi Hartono;347157******;hadi.hartono55@outlook.com;85661945887;Yogyakarta;DI Yogyakarta;25/10/1976;Male;verified;08/09/2024;REF-6430
NBC0737;Irfan Maulana;317122******;irfan.maulana150@outlook.com;81083850765;Bali;Bali;30/06/2002;Male;verified;31/07/2024;REF-6350
NBC0738;Andi Budiman;517125******;andi.budiman905@hotmail.com;85680898126;Palembang;Sumatera Selatan;23/10/1989;Male;verified;19/06/2024;
NBC0739;Indah Hidayat;337421******;indah.hidayat632@hotmail.com;83630040236;Jakarta;DKI Jakarta;15/07/2000;Female;verified;01/02/2023;REF-3484
NBC0740;Maulana Susanto;337410******;maulana.susanto68@yahoo.com;81471372711;Jakarta;DKI Jakarta;10/01/2005;Male;verified;30/07/2024;
NBC0741;Dwi Salim;127143******;dwi.salim591@outlook.com;88582984933;Bandung;Jawa Barat;31/12/1975;Male;verified;07/06/2024;REF-6376
NBC0742;Ulfa Darmawan;327516******;ulfa.darmawan975@outlook.com;83128333721;Surabaya;Jawa Timur;28/04/1999;Female;pending;01/11/2024;REF-7551
NBC0743;Umar Firmansyah;327141******;umar.firmansyah167@hotmail.com;88150666267;Semarang;Jawa Tengah;16/05/1976;Male;pending;15/11/2023;
NBC0744;Nanda Darmawan;127160******;nanda.darmawan603@yahoo.com;85634392529;Semarang;Jawa Tengah;03/09/1989;Male;verified;11/02/2024;
NBC0745;Dimas Pratama;327379******;dimas.pratama439@hotmail.com;81200720245;Medan;Sumatera Utara;12/06/2005;Male;verified;02/01/2024;REF-2433
NBC0746;Surya Mahendra;327114******;surya.mahendra597@gmail.com;81903267149;Surabaya;Jawa Timur;27/01/1988;Male;unverified;13/12/2024;REF-5660
NBC0747;Faisal Susanto;327392******;faisal.susanto795@gmail.com;85934065277;Jakarta;DKI Jakarta;03/02/1991;Male;pending;08/11/2024;REF-7571
NBC0748;Nanda Firmansyah;357836******;nanda.firmansyah247@hotmail.com;82201091217;Semarang;Jawa Tengah;28/08/1980;Male;verified;02/11/2022;
NBC0749;Umar Ramadhan;517140******;umar.ramadhan736@hotmail.com;85618943705;Jakarta;DKI Jakarta;08/01/1982;Male;verified;11/03/2024;REF-2082
NBC0750;Oka Tanjung;327373******;oka.tanjung475@hotmail.com;88572565920;Semarang;Jawa Tengah;13/05/1982;Male;verified;29/05/2023;REF-8977
NBC0751;Wulan Hidayat;317127******;wulan.hidayat246@hotmail.com;83326005595;Semarang;Jawa Tengah;15/02/1990;Female;verified;06/01/2022;REF-9209
NBC0752;Hadi Mahendra;167145******;hadi.mahendra544@hotmail.com;87999360798;Jakarta;DKI Jakarta;07/01/1988;Male;verified;08/01/2025;
NBC0753;Rio Mahendra;317162******;rio.mahendra604@gmail.com;85679935937;Semarang;Jawa Tengah;15/11/1986;Male;verified;07/09/2023;
NBC0754;Nadia Susanto;327543******;nadia.susanto5@yahoo.com;81373606014;Jakarta;DKI Jakarta;04/01/1999;Female;unverified;24/01/2025;
NBC0755;Dwi Firmansyah;517194******;dwi.firmansyah53@hotmail.com;87388413685;Bandung;Jawa Barat;13/12/1982;Male;pending;21/01/2025;REF-1232
NBC0756;Eka Mahendra;337471******;eka.mahendra22@gmail.com;82424462632;Jakarta;DKI Jakarta;19/03/1991;Female;verified;19/07/2022;
NBC0757;Kevin Kusuma;327129******;kevin.kusuma895@gmail.com;81314217518;Medan;Sumatera Utara;24/12/1998;Male;verified;10/08/2024;REF-8884
NBC0758;Sari Setiawan;357821******;sari.setiawan362@yahoo.com;85384091122;Makassar;Sulawesi Selatan;06/05/1990;Female;verified;25/11/2022;REF-9762
NBC0759;Galih Rahman;317153******;galih.rahman874@hotmail.com;85186323979;Semarang;Jawa Tengah;01/01/1978;Male;verified;10/04/2023;
NBC0760;Bilqis Darmawan;167168******;bilqis.darmawan397@outlook.com;88530073095;Palembang;Sumatera Selatan;08/10/1975;Female;verified;02/02/2024;REF-7808
NBC0761;Siti Ramadhan;127120******;siti.ramadhan138@gmail.com;87881927788;Jakarta;DKI Jakarta;14/04/1990;Female;rejected;03/09/2022;REF-1532
NBC0762;Ratna Ramadhan;337449******;ratna.ramadhan550@hotmail.com;83010424624;Jakarta;DKI Jakarta;01/04/1990;Female;verified;23/04/2024;
NBC0763;Zahra Kusuma;127149******;zahra.kusuma757@outlook.com;85004521289;Surabaya;Jawa Timur;22/11/2001;Female;verified;25/07/2022;REF-2559
NBC0764;Bilqis Mahendra;357825******;bilqis.mahendra188@yahoo.com;87130448818;Bali;Bali;24/11/2000;Female;verified;23/01/2025;REF-5874
NBC0765;Zaki Wijaya;347163******;zaki.wijaya96@outlook.com;83021190170;Pontianak;Kalimantan Barat;18/01/1996;Male;verified;10/01/2024;REF-2751
NBC0766;Naufal Wibowo;327152******;naufal.wibowo173@yahoo.com;88910732283;Bogor;Jawa Barat;19/04/1993;Male;rejected;11/01/2022;REF-5477
NBC0767;Yanti Suryadi;127180******;yanti.suryadi244@gmail.com;85396384526;Surabaya;Jawa Timur;02/07/2001;Female;verified;22/04/2024;
NBC0768;Nanda Sugiarto;327542******;nanda.sugiarto664@hotmail.com;81169342929;Surabaya;Jawa Timur;19/05/1980;Male;pending;25/05/2023;REF-1658
NBC0769;Nanda Wijaya;327197******;nanda.wijaya405@yahoo.com;82419031061;Semarang;Jawa Tengah;24/04/1990;Male;verified;27/02/2023;REF-3408
NBC0770;Gita Salim;357862******;gita.salim388@outlook.com;85323653377;Yogyakarta;DI Yogyakarta;15/04/1987;Female;pending;14/06/2024;REF-1050
NBC0771;Iwan Santoso;317168******;iwan.santoso537@outlook.com;82614244260;Jakarta;DKI Jakarta;24/03/1996;Male;rejected;20/12/2024;REF-8445
NBC0772;Teguh Lestari;127135******;teguh.lestari705@outlook.com;85642737203;Bandung;Jawa Barat;11/12/2003;Male;verified;22/09/2024;REF-9350
NBC0773;Indah Sugiarto;347157******;indah.sugiarto535@outlook.com;88148460191;Bali;Bali;27/10/1985;Female;pending;03/08/2023;REF-5002
NBC0774;Tania Budiman;327390******;tania.budiman509@gmail.com;82058695073;Yogyakarta;DI Yogyakarta;28/05/1983;Female;verified;11/08/2022;
NBC0775;Diah Susanto;347185******;diah.susanto205@hotmail.com;88999516793;Surabaya;Jawa Timur;26/12/1985;Female;unverified;28/10/2023;REF-6507
NBC0776;Galih Wibowo;167152******;galih.wibowo505@yahoo.com;85801192360;Bali;Bali;12/03/1984;Male;verified;14/08/2024;REF-2189
NBC0777;Lukman Halim;327338******;lukman.halim756@yahoo.com;82510409614;Semarang;Jawa Tengah;05/11/2003;Male;verified;10/07/2024;
NBC0778;Nanda Sugiarto;327142******;nanda.sugiarto811@yahoo.com;81748207365;Palembang;Sumatera Selatan;28/06/1979;Male;verified;01/07/2022;REF-4757
NBC0779;Sari Pratama;327599******;sari.pratama358@outlook.com;85820190432;Jakarta;DKI Jakarta;15/01/1982;Female;verified;25/04/2023;
NBC0780;Laras Anwar;337426******;laras.anwar303@hotmail.com;81739201354;Bandung;Jawa Barat;21/10/2005;Female;verified;03/06/2024;REF-2036
NBC0781;Jihan Effendi;327510******;jihan.effendi176@outlook.com;81826112312;Yogyakarta;DI Yogyakarta;14/08/1993;Female;verified;11/08/2022;REF-3722
NBC0782;Jaka Budiman;517184******;jaka.budiman338@hotmail.com;82989376297;Jakarta;DKI Jakarta;11/07/1987;Male;verified;09/10/2023;REF-4508
NBC0783;Bilqis Saputra;337461******;bilqis.saputra303@hotmail.com;87719120381;Surabaya;Jawa Timur;15/02/2000;Female;verified;08/09/2024;REF-3215
NBC0784;Joko Aditya;337426******;joko.aditya247@gmail.com;87981388158;Bali;Bali;11/02/1999;Male;verified;11/07/2022;REF-6440
NBC0785;Joko Wijaya;327572******;joko.wijaya871@yahoo.com;82318297168;Medan;Sumatera Utara;06/08/1978;Male;verified;22/10/2023;REF-5527
NBC0786;Wulan Saputra;317111******;wulan.saputra799@gmail.com;88001529113;Surabaya;Jawa Timur;26/07/1996;Female;unverified;21/07/2022;REF-9831
NBC0787;Citra Saputra;327355******;citra.saputra321@hotmail.com;88184442182;Bali;Bali;06/12/2001;Female;pending;10/01/2025;REF-9046
NBC0788;Hendra Kusuma;327332******;hendra.kusuma845@outlook.com;87905670867;Medan;Sumatera Utara;06/03/1976;Male;pending;01/04/2022;REF-1045
NBC0789;Putri Tanjung;357891******;putri.tanjung350@gmail.com;83848266913;Yogyakarta;DI Yogyakarta;11/07/1993;Female;pending;02/11/2022;
NBC0790;Taufik Salim;317156******;taufik.salim318@yahoo.com;87608070633;Jakarta;DKI Jakarta;26/05/1993;Male;verified;31/07/2024;REF-1278
NBC0791;Bilqis Budiman;327326******;bilqis.budiman67@gmail.com;83016481880;Surabaya;Jawa Timur;26/09/1986;Female;pending;14/06/2023;
NBC0792;Lia Effendi;127141******;lia.effendi529@yahoo.com;85381643212;Bogor;Jawa Barat;11/12/1992;Female;verified;28/08/2023;
NBC0793;Teguh Firmansyah;327548******;teguh.firmansyah163@gmail.com;82625863144;Bandung;Jawa Barat;08/09/1978;Male;verified;04/08/2024;
NBC0794;Tika Tanjung;327355******;tika.tanjung969@outlook.com;83026355824;Jakarta;DKI Jakarta;07/08/1983;Female;verified;17/02/2022;REF-8697
NBC0795;Reza Iskandar;347175******;reza.iskandar590@gmail.com;82153888245;Bandung;Jawa Barat;08/01/1981;Male;verified;11/08/2024;REF-2008
NBC0796;Wulan Wijaya;347197******;wulan.wijaya655@gmail.com;83333353849;Jakarta;DKI Jakarta;18/02/1989;Female;verified;08/09/2022;REF-4635
NBC0797;Fitri Setiawan;327186******;fitri.setiawan466@hotmail.com;88180933913;Palembang;Sumatera Selatan;04/02/1997;Female;verified;20/03/2023;REF-6292
NBC0798;Bunga Yudha;317119******;bunga.yudha980@gmail.com;87875617868;Bandung;Jawa Barat;11/07/1998;Female;verified;18/01/2022;REF-4028
NBC0799;Ahmad Saputra;517123******;ahmad.saputra343@hotmail.com;81829803657;Jakarta;DKI Jakarta;26/07/2003;Male;unverified;15/10/2024;REF-5647
NBC0800;Olivia Sugiarto;327510******;olivia.sugiarto904@yahoo.com;85595201491;Surabaya;Jawa Timur;11/07/1980;Female;verified;13/12/2024;REF-5699
NBC0801;Rio Lestari;337460******;rio.lestari543@hotmail.com;83092632239;Banjarmasin;Kalimantan Selatan;01/01/2002;Male;verified;01/11/2024;REF-4934
NBC0802;Umar Mahendra;327519******;umar.mahendra95@outlook.com;81428860505;Yogyakarta;DI Yogyakarta;29/08/1985;Male;pending;05/10/2024;
NBC0803;Endra Wijaya;167198******;endra.wijaya99@gmail.com;88260030835;Jakarta;DKI Jakarta;09/07/1992;Male;verified;25/03/2024;
NBC0804;Galih Saputra;327529******;galih.saputra702@hotmail.com;81531234550;Jakarta;DKI Jakarta;12/04/1994;Male;verified;08/11/2024;REF-8147
NBC0805;Hesti Darmawan;327581******;hesti.darmawan660@yahoo.com;87384401348;Bali;Bali;23/03/1975;Female;unverified;16/12/2024;
NBC0806;Wulan Firmansyah;337471******;wulan.firmansyah884@yahoo.com;85033591015;Jakarta;DKI Jakarta;03/04/1995;Female;pending;06/02/2022;REF-1778
NBC0807;Maulana Kusuma;347146******;maulana.kusuma588@yahoo.com;81749269996;Jakarta;DKI Jakarta;05/01/2003;Male;pending;09/02/2024;
NBC0808;Lia Gunawan;327176******;lia.gunawan303@yahoo.com;87596932591;Surabaya;Jawa Timur;16/03/1988;Female;rejected;13/02/2022;
NBC0809;Mira Suryadi;327334******;mira.suryadi111@yahoo.com;82426698069;Medan;Sumatera Utara;12/01/1976;Female;verified;26/08/2024;REF-2928
NBC0810;Reza Saputra;127132******;reza.saputra768@yahoo.com;83838935953;Jakarta;DKI Jakarta;03/05/1998;Male;verified;11/10/2022;REF-1286
NBC0811;Tika Pratama;357862******;tika.pratama909@gmail.com;82996508269;Yogyakarta;DI Yogyakarta;03/02/1991;Female;verified;20/01/2025;REF-8113
NBC0812;Eka Tanjung;517158******;eka.tanjung353@hotmail.com;88130876123;Surabaya;Jawa Timur;16/09/1998;Female;verified;05/10/2023;REF-2969
NBC0813;Krisna Iskandar;327579******;krisna.iskandar153@yahoo.com;87484002730;Surabaya;Jawa Timur;17/04/1975;Male;verified;18/11/2024;REF-7400
NBC0814;Anita Kusuma;317124******;anita.kusuma854@hotmail.com;87311395001;Jakarta;DKI Jakarta;31/10/1991;Female;unverified;16/12/2024;REF-5575
NBC0815;Satria Kusuma;357816******;satria.kusuma465@hotmail.com;82839762053;Jakarta;DKI Jakarta;06/08/2003;Male;pending;28/07/2023;REF-9114
NBC0816;Pandu Hakim;327530******;pandu.hakim60@hotmail.com;82662925081;Surabaya;Jawa Timur;27/01/1997;Male;verified;29/08/2024;
NBC0817;Jihan Kusuma;347112******;jihan.kusuma407@outlook.com;81333731255;Manado;Sulawesi Utara;06/09/1982;Female;verified;19/02/2023;REF-7575
NBC0818;Kevin Setiawan;127111******;kevin.setiawan210@yahoo.com;88119206136;Jakarta;DKI Jakarta;03/09/1985;Male;rejected;17/11/2024;
NBC0819;Faisal Darmawan;167183******;faisal.darmawan354@hotmail.com;81337184449;Bekasi;Jawa Barat;16/03/1977;Male;unverified;12/12/2022;
NBC0820;Hadi Wardana;347175******;hadi.wardana45@gmail.com;85440373416;Jakarta;DKI Jakarta;07/02/1996;Male;unverified;30/12/2024;REF-3322
NBC0821;Zulfa Darmawan;167131******;zulfa.darmawan938@yahoo.com;81021798213;Surabaya;Jawa Timur;17/09/1986;Female;verified;29/11/2024;
NBC0822;Maulana Aditya;357872******;maulana.aditya804@hotmail.com;82638318285;Palembang;Sumatera Selatan;27/04/1993;Male;verified;01/03/2022;REF-8366
NBC0823;Ayu Darmawan;517179******;ayu.darmawan737@hotmail.com;85177067368;Yogyakarta;DI Yogyakarta;28/07/1981;Female;verified;01/02/2022;REF-1036
NBC0824;Hadi Setiawan;327333******;hadi.setiawan230@outlook.com;83216505871;Jakarta;DKI Jakarta;21/10/2005;Male;verified;27/06/2023;REF-3463
NBC0825;Jessica Permana;327183******;jessica.permana143@outlook.com;87679089843;Jakarta;DKI Jakarta;15/04/1994;Female;verified;14/01/2025;REF-9957
NBC0826;Jihan Nugroho;317152******;jihan.nugroho818@gmail.com;87386948424;Jakarta;DKI Jakarta;02/03/2002;Female;verified;23/11/2023;
NBC0827;Lia Kusuma;327146******;lia.kusuma356@hotmail.com;88887071523;Yogyakarta;DI Yogyakarta;27/05/1999;Female;unverified;02/04/2024;REF-8825
NBC0828;Hendra Permana;317188******;hendra.permana463@outlook.com;85191779876;Bandung;Jawa Barat;24/04/1999;Male;verified;04/11/2022;
NBC0829;Diah Cahyadi;127129******;diah.cahyadi858@yahoo.com;83893708580;Bali;Bali;17/11/1992;Female;pending;17/01/2023;REF-4890
NBC0830;Bambang Iskandar;317194******;bambang.iskandar917@outlook.com;85695790012;Bandung;Jawa Barat;17/07/1987;Male;verified;14/01/2025;REF-6613
NBC0831;Sari Susanto;327377******;sari.susanto403@hotmail.com;87632594232;Jakarta;DKI Jakarta;29/08/2005;Female;verified;26/12/2024;
NBC0832;Bella Lestari;337479******;bella.lestari984@gmail.com;83624152857;Jakarta;DKI Jakarta;24/12/1982;Female;rejected;05/12/2023;REF-3815
NBC0833;Naufal Lestari;337453******;naufal.lestari543@outlook.com;81381865507;Medan;Sumatera Utara;12/04/1998;Male;unverified;23/06/2023;
NBC0834;Lia Ramadhan;317188******;lia.ramadhan329@hotmail.com;88443034918;Medan;Sumatera Utara;17/11/2000;Female;unverified;02/06/2022;
NBC0835;Ganesha Effendi;327316******;ganesha.effendi204@outlook.com;87340153641;Medan;Sumatera Utara;03/08/1989;Male;verified;25/08/2023;REF-6353
NBC0836;Laras Hartono;337432******;laras.hartono375@yahoo.com;85781367500;Jakarta;DKI Jakarta;05/11/2002;Female;verified;29/06/2023;
NBC0837;Teguh Hartono;347121******;teguh.hartono37@outlook.com;82769819878;Bali;Bali;12/09/1977;Male;verified;27/09/2022;
NBC0838;Wahyu Nugroho;337475******;wahyu.nugroho540@outlook.com;85225866059;Surabaya;Jawa Timur;19/09/1997;Male;verified;30/04/2024;
NBC0839;Dedi Iskandar;347131******;dedi.iskandar142@hotmail.com;88585485965;Surabaya;Jawa Timur;27/03/1989;Male;verified;13/08/2023;REF-3111
NBC0840;Rangga Sugiarto;327198******;rangga.sugiarto439@outlook.com;81200024539;Depok;Jawa Barat;15/01/2004;Male;unverified;21/04/2023;REF-4873
NBC0841;Fajar Ramadhan;357818******;fajar.ramadhan214@gmail.com;83570836821;Bandung;Jawa Barat;26/09/1987;Male;verified;14/09/2023;REF-9516
NBC0842;Yusuf Tanjung;517189******;yusuf.tanjung734@hotmail.com;82736774620;Surabaya;Jawa Timur;26/10/1980;Male;pending;21/01/2024;
NBC0843;Winda Maulana;357846******;winda.maulana215@gmail.com;87328123123;Medan;Sumatera Utara;18/03/2002;Female;verified;21/10/2022;
NBC0844;Ratna Firmansyah;517121******;ratna.firmansyah61@hotmail.com;88018364723;Jakarta;DKI Jakarta;18/10/1999;Female;verified;06/08/2024;REF-9724
NBC0845;Ganesha Wardana;167121******;ganesha.wardana682@hotmail.com;82257754584;Jakarta;DKI Jakarta;14/09/1996;Male;verified;05/10/2022;REF-1535
NBC0846;Rangga Setiawan;167195******;rangga.setiawan760@hotmail.com;85831608271;Jakarta;DKI Jakarta;14/12/2003;Male;verified;18/08/2024;REF-8490
NBC0847;Laras Halim;337482******;laras.halim672@yahoo.com;81522299936;Bandung;Jawa Barat;05/09/1982;Female;verified;26/07/2022;
NBC0848;Tania Kusuma;347140******;tania.kusuma567@yahoo.com;82255398358;Depok;Jawa Barat;26/10/1988;Female;verified;01/07/2023;REF-9013
NBC0849;Farah Darmawan;337430******;farah.darmawan828@hotmail.com;83309544979;Pontianak;Kalimantan Barat;23/03/1980;Female;verified;05/01/2023;
NBC0850;Novi Halim;317133******;novi.halim585@yahoo.com;85120539787;Yogyakarta;DI Yogyakarta;18/01/1980;Female;verified;15/03/2023;REF-6355
NBC0851;Lukman Budiman;337426******;lukman.budiman153@gmail.com;88125608320;Jakarta;DKI Jakarta;29/12/1976;Male;verified;28/06/2023;
NBC0852;Arif Gunawan;167174******;arif.gunawan519@hotmail.com;83358523860;Surabaya;Jawa Timur;24/10/1976;Male;verified;18/02/2023;REF-5949
NBC0853;Yusuf Setiawan;517183******;yusuf.setiawan329@gmail.com;85152391029;Semarang;Jawa Tengah;06/07/1982;Male;verified;15/12/2023;REF-2515
NBC0854;Ganesha Iskandar;167134******;ganesha.iskandar59@yahoo.com;81967139719;Semarang;Jawa Tengah;01/03/1980;Male;verified;25/10/2022;REF-3472
NBC0855;Gita Anwar;327325******;gita.anwar888@hotmail.com;85720191116;Bali;Bali;23/01/1993;Female;verified;03/08/2022;REF-3960
NBC0856;Rangga Wijaya;127127******;rangga.wijaya741@outlook.com;88873393049;Jakarta;DKI Jakarta;20/08/1983;Male;verified;02/06/2024;REF-4414
NBC0857;Yoga Permana;127193******;yoga.permana898@outlook.com;87124211408;Bogor;Jawa Barat;21/08/2005;Male;verified;19/03/2024;REF-3303
NBC0858;Siti Ramadhan;327329******;siti.ramadhan611@outlook.com;85209355610;Jakarta;DKI Jakarta;17/08/1984;Female;verified;09/12/2023;REF-9135
NBC0859;Bilqis Hartono;337468******;bilqis.hartono122@yahoo.com;83365858564;Bekasi;Jawa Barat;05/11/1980;Female;verified;11/03/2023;
NBC0860;Bayu Hidayat;317128******;bayu.hidayat494@gmail.com;85159273874;Medan;Sumatera Utara;15/09/1977;Male;verified;07/12/2022;REF-2007
NBC0861;Dwi Setiawan;327564******;dwi.setiawan883@gmail.com;85322481554;Jakarta;DKI Jakarta;11/02/1982;Male;verified;16/01/2022;REF-5676
NBC0862;Andi Sugiarto;317188******;andi.sugiarto372@hotmail.com;85975649157;Jakarta;DKI Jakarta;21/06/2001;Male;verified;14/12/2023;REF-7965
NBC0863;Putri Susanto;127123******;putri.susanto141@outlook.com;85601080181;Surabaya;Jawa Timur;26/09/1976;Female;unverified;01/03/2023;REF-7759
NBC0864;Fitri Halim;327545******;fitri.halim782@gmail.com;85268080815;Padang;Sumatera Barat;01/02/1995;Female;verified;08/08/2022;REF-1499
NBC0865;Fitri Mahendra;317169******;fitri.mahendra87@yahoo.com;87067130735;Bandung;Jawa Barat;29/07/1978;Female;verified;08/04/2022;
NBC0866;Jaka Iskandar;127148******;jaka.iskandar205@hotmail.com;82130096258;Jakarta;DKI Jakarta;09/09/1998;Male;verified;29/12/2023;REF-8036
NBC0867;Hesti Saputra;337425******;hesti.saputra575@gmail.com;83339627466;Jakarta;DKI Jakarta;05/08/1994;Female;verified;01/11/2022;REF-2049
NBC0868;Gilang Effendi;317114******;gilang.effendi59@outlook.com;85661459011;Jakarta;DKI Jakarta;08/04/1977;Male;verified;04/07/2024;REF-8657
NBC0869;Oka Wijaya;317193******;oka.wijaya269@yahoo.com;87819490531;Jakarta;DKI Jakarta;16/03/1989;Male;verified;19/12/2022;REF-9222
NBC0870;Naufal Firmansyah;517173******;naufal.firmansyah952@hotmail.com;87873137971;Semarang;Jawa Tengah;06/08/1993;Male;verified;22/02/2024;REF-5794
NBC0871;Yusuf Hartono;327337******;yusuf.hartono497@outlook.com;81779433256;Medan;Sumatera Utara;18/03/1983;Male;verified;08/03/2023;
NBC0872;Tania Hakim;517182******;tania.hakim934@gmail.com;87701426203;Jakarta;DKI Jakarta;17/12/1995;Female;verified;15/04/2022;REF-9856
NBC0873;Fitri Setiawan;327517******;fitri.setiawan862@yahoo.com;88041813599;Jakarta;DKI Jakarta;04/01/1998;Female;verified;30/10/2024;
NBC0874;Erika Hidayat;327120******;erika.hidayat456@gmail.com;88889480186;Jakarta;DKI Jakarta;31/08/1986;Female;verified;15/09/2023;REF-3633
NBC0875;Erika Rahman;167175******;erika.rahman756@yahoo.com;87785708200;Manado;Sulawesi Utara;22/08/1986;Female;pending;11/01/2025;REF-8771
NBC0876;Yoga Setiawan;327334******;yoga.setiawan390@gmail.com;83961128794;Jakarta;DKI Jakarta;02/06/1982;Male;verified;17/05/2024;REF-9268
NBC0877;Dwi Wardana;517195******;dwi.wardana953@hotmail.com;88040953141;Surabaya;Jawa Timur;22/01/2001;Male;verified;17/05/2024;REF-7998
NBC0878;Lukman Wibowo;327372******;lukman.wibowo291@yahoo.com;83651796240;Semarang;Jawa Tengah;16/02/2002;Male;verified;13/05/2024;
NBC0879;Rangga Tanjung;327579******;rangga.tanjung255@outlook.com;87604784217;Jakarta;DKI Jakarta;10/07/1975;Male;verified;10/11/2022;REF-2674
NBC0880;Iwan Rahman;517141******;iwan.rahman846@hotmail.com;83882089348;Bandung;Jawa Barat;12/12/1992;Male;pending;26/12/2024;REF-4734
NBC0881;Diah Nugroho;347160******;diah.nugroho492@yahoo.com;87799160911;Padang;Sumatera Barat;14/06/1988;Female;verified;01/06/2022;REF-2850
NBC0882;Aisyah Wibowo;357894******;aisyah.wibowo774@yahoo.com;82613376052;Jakarta;DKI Jakarta;25/02/1986;Female;verified;31/03/2022;
NBC0883;Irfan Hartono;327552******;irfan.hartono799@gmail.com;82544724191;Jakarta;DKI Jakarta;29/03/1994;Male;unverified;14/10/2023;REF-4166
NBC0884;Sari Saputra;517163******;sari.saputra412@gmail.com;85718249898;Jakarta;DKI Jakarta;13/04/2003;Female;pending;27/03/2022;REF-1046
NBC0885;Farah Hidayat;327144******;farah.hidayat82@hotmail.com;83681359266;Surabaya;Jawa Timur;21/11/1986;Female;verified;23/01/2025;REF-9821
NBC0886;Putri Wardana;517180******;putri.wardana451@outlook.com;87694155945;Surabaya;Jawa Timur;07/08/2004;Female;pending;11/04/2022;REF-3208
NBC0887;Umi Permana;317197******;umi.permana800@hotmail.com;83360511716;Surabaya;Jawa Timur;17/08/2005;Female;verified;07/05/2022;REF-9811
NBC0888;Lia Wardana;337463******;lia.wardana322@yahoo.com;85218945590;Manado;Sulawesi Utara;01/01/1992;Female;verified;21/09/2024;REF-1405
NBC0889;Sinta Firmansyah;327348******;sinta.firmansyah544@outlook.com;82046648966;Medan;Sumatera Utara;26/04/1997;Female;verified;20/04/2024;REF-8140
NBC0890;Budi Firmansyah;357864******;budi.firmansyah886@outlook.com;85758097453;Medan;Sumatera Utara;17/08/1983;Male;pending;03/11/2024;
NBC0891;Gilang Wibowo;357843******;gilang.wibowo819@hotmail.com;85226540165;Bandung;Jawa Barat;29/01/2002;Male;verified;12/12/2023;REF-1879
NBC0892;Arif Zulkarnain;327333******;arif.zulkarnain122@yahoo.com;82427677462;Bandung;Jawa Barat;05/03/1989;Male;verified;18/05/2022;REF-2698
NBC0893;Putra Hartono;327157******;putra.hartono933@outlook.com;87860080179;Bali;Bali;27/02/1998;Male;pending;22/03/2024;REF-9102
NBC0894;Hani Suryadi;327132******;hani.suryadi592@outlook.com;85047264261;Jakarta;DKI Jakarta;09/08/1981;Female;verified;16/08/2022;
NBC0895;Jaka Susanto;337471******;jaka.susanto351@yahoo.com;85596807852;Medan;Sumatera Utara;13/07/1991;Male;verified;27/06/2023;
NBC0896;Gilang Sugiarto;167198******;gilang.sugiarto770@yahoo.com;87545400644;Bali;Bali;13/04/2004;Male;verified;23/01/2024;REF-8654
NBC0897;Hadi Suryadi;327124******;hadi.suryadi144@yahoo.com;82748979177;Padang;Sumatera Barat;10/11/1992;Male;verified;27/02/2023;REF-5808
NBC0898;Umi Maulana;127131******;umi.maulana32@yahoo.com;87862175080;Bogor;Jawa Barat;07/01/1978;Female;verified;03/03/2024;
NBC0899;Rina Mahendra;337414******;rina.mahendra396@yahoo.com;83882493534;Jakarta;DKI Jakarta;13/07/1975;Female;verified;15/03/2022;
NBC0900;Ratna Hartono;167118******;ratna.hartono733@hotmail.com;85784816524;Surabaya;Jawa Timur;26/05/1986;Female;rejected;05/06/2023;
NBC0901;Rina Susanto;327516******;rina.susanto846@yahoo.com;87517993781;Semarang;Jawa Tengah;13/09/1975;Female;verified;19/10/2023;REF-3020
NBC0902;Faisal Cahyadi;167194******;faisal.cahyadi262@hotmail.com;87996988290;Bekasi;Jawa Barat;23/09/1988;Male;pending;07/10/2023;REF-3176
NBC0903;Fitri Iskandar;127197******;fitri.iskandar141@outlook.com;85301986424;Surabaya;Jawa Timur;05/12/1980;Female;pending;22/02/2023;
NBC0904;Novi Halim;327376******;novi.halim242@yahoo.com;87121870629;Jakarta;DKI Jakarta;04/06/1984;Female;verified;20/12/2022;REF-9432
NBC0905;Winda Anwar;327328******;winda.anwar125@gmail.com;81023200186;Jakarta;DKI Jakarta;11/09/1995;Female;verified;07/06/2024;REF-1742
NBC0906;Intan Effendi;327525******;intan.effendi12@gmail.com;83356140384;Surabaya;Jawa Timur;28/04/1989;Female;verified;15/05/2023;REF-2393
NBC0907;Aisyah Santoso;127145******;aisyah.santoso432@yahoo.com;82546951003;Surabaya;Jawa Timur;04/10/1975;Female;verified;25/07/2024;
NBC0908;Joko Pratama;357845******;joko.pratama967@outlook.com;88967150066;Medan;Sumatera Utara;25/12/2004;Male;rejected;09/03/2024;REF-2507
NBC0909;Teguh Wardana;357848******;teguh.wardana889@gmail.com;88134078516;Jakarta;DKI Jakarta;19/07/2002;Male;verified;05/07/2023;
NBC0910;Jaka Pratama;357881******;jaka.pratama779@yahoo.com;85683482689;Jakarta;DKI Jakarta;29/04/2000;Male;unverified;09/04/2024;REF-8522
NBC0911;Jessica Lestari;167165******;jessica.lestari572@gmail.com;85879150596;Bali;Bali;07/02/1983;Female;verified;14/01/2024;REF-2270
NBC0912;Anita Saputra;517140******;anita.saputra130@gmail.com;81265789826;Surabaya;Jawa Timur;29/08/1975;Female;rejected;12/09/2023;
NBC0913;Siti Salim;327319******;siti.salim803@hotmail.com;83585177741;Bali;Bali;05/02/2005;Female;verified;10/10/2022;REF-7309
NBC0914;Dewi Hartono;167196******;dewi.hartono817@yahoo.com;83199626422;Jakarta;DKI Jakarta;27/04/1981;Female;verified;04/09/2024;REF-2219
NBC0915;Cahyo Susanto;357844******;cahyo.susanto939@yahoo.com;81854570568;Yogyakarta;DI Yogyakarta;02/09/1980;Male;verified;06/01/2022;
NBC0916;Wahyu Darmawan;317183******;wahyu.darmawan19@gmail.com;81635640723;Surabaya;Jawa Timur;06/02/1981;Male;pending;25/07/2023;
NBC0917;Joko Cahyadi;327381******;joko.cahyadi626@outlook.com;88400178822;Bali;Bali;25/11/2005;Male;verified;21/06/2023;
NBC0918;Gilang Yudha;327159******;gilang.yudha965@outlook.com;81710580119;Jakarta;DKI Jakarta;05/09/1991;Male;verified;03/01/2022;REF-8599
NBC0919;Fitri Setiawan;357833******;fitri.setiawan438@gmail.com;88053709230;Jakarta;DKI Jakarta;21/06/1976;Female;verified;04/08/2024;REF-8048
NBC0920;Umi Pratama;317171******;umi.pratama263@gmail.com;87948543298;Semarang;Jawa Tengah;04/01/1996;Female;pending;26/04/2024;REF-4495
NBC0921;Cindy Rahman;327386******;cindy.rahman264@outlook.com;85161982734;Bekasi;Jawa Barat;25/02/1999;Female;verified;19/06/2022;REF-2158
NBC0922;Umar Wijaya;327355******;umar.wijaya794@hotmail.com;82217435748;Jakarta;DKI Jakarta;08/11/1985;Male;verified;22/11/2023;
NBC0923;Jaka Santoso;327544******;jaka.santoso559@hotmail.com;81673983448;Jakarta;DKI Jakarta;31/07/1997;Male;verified;04/02/2023;REF-3897
NBC0924;Made Tanjung;347161******;made.tanjung937@yahoo.com;87055077406;Jakarta;DKI Jakarta;25/02/1991;Male;verified;08/07/2024;REF-6774
NBC0925;Zaki Maulana;337482******;zaki.maulana188@gmail.com;87085510740;Bandung;Jawa Barat;17/11/2004;Male;rejected;28/07/2022;
NBC0926;Dimas Hartono;127174******;dimas.hartono964@hotmail.com;81902547602;Yogyakarta;DI Yogyakarta;18/07/1982;Male;verified;18/02/2022;REF-7077
NBC0927;Vina Iskandar;327197******;vina.iskandar182@gmail.com;81227595002;Palembang;Sumatera Selatan;26/09/1993;Female;verified;14/04/2022;REF-2818
NBC0928;Dwi Permana;357893******;dwi.permana703@outlook.com;85950740717;Palembang;Sumatera Selatan;31/07/1983;Male;pending;22/09/2022;REF-1811
NBC0929;Winda Salim;317139******;winda.salim683@gmail.com;81064934039;Bandung;Jawa Barat;25/04/1980;Female;verified;07/01/2022;REF-3065
NBC0930;Maya Zulkarnain;317174******;maya.zulkarnain627@outlook.com;81184913599;Pekanbaru;Riau;26/10/1982;Female;verified;22/01/2025;REF-4991
NBC0931;Umi Mahendra;327315******;umi.mahendra371@hotmail.com;81006799006;Jakarta;DKI Jakarta;15/08/2000;Female;verified;27/05/2024;
NBC0932;Lia Santoso;327179******;lia.santoso397@hotmail.com;85403784233;Surabaya;Jawa Timur;31/07/2000;Female;unverified;15/08/2023;REF-7143
NBC0933;Ayu Pratama;327572******;ayu.pratama470@hotmail.com;82550325017;Bandung;Jawa Barat;13/07/1984;Female;verified;17/02/2024;REF-3130
NBC0934;Kartika Hakim;327168******;kartika.hakim551@outlook.com;82902923345;Semarang;Jawa Tengah;10/04/1979;Female;rejected;23/05/2022;REF-1523
NBC0935;Sinta Yudha;317155******;sinta.yudha251@gmail.com;88886843021;Jakarta;DKI Jakarta;19/12/1978;Female;rejected;26/02/2024;REF-4603
NBC0936;Prita Pratama;347196******;prita.pratama343@hotmail.com;83988759212;Surabaya;Jawa Timur;14/08/2001;Female;verified;17/05/2024;REF-7475
NBC0937;Nanda Yudha;327311******;nanda.yudha906@yahoo.com;85558214770;Yogyakarta;DI Yogyakarta;23/09/2001;Male;unverified;16/09/2022;REF-8289
NBC0938;Vino Maulana;337480******;vino.maulana7@yahoo.com;82621921581;Surabaya;Jawa Timur;05/06/1998;Male;verified;28/09/2024;
NBC0939;Mira Hartono;327523******;mira.hartono792@gmail.com;87638558819;Jakarta;DKI Jakarta;14/01/1989;Female;verified;07/08/2024;REF-8707
NBC0940;Bambang Hartono;327581******;bambang.hartono530@gmail.com;88053789318;Malang;Jawa Timur;04/11/1991;Male;verified;13/11/2022;REF-8857
NBC0941;Intan Iskandar;357849******;intan.iskandar888@gmail.com;88182272002;Bandung;Jawa Barat;22/09/1999;Female;verified;14/03/2023;REF-9792
NBC0942;Made Nugroho;327317******;made.nugroho259@gmail.com;83474328116;Malang;Jawa Timur;22/02/1991;Male;verified;06/02/2023;
NBC0943;Zulfa Pratama;327314******;zulfa.pratama650@yahoo.com;81423227752;Jakarta;DKI Jakarta;19/08/1979;Female;verified;15/05/2023;REF-4177
NBC0944;Hendra Nugroho;167121******;hendra.nugroho428@outlook.com;81646300593;Semarang;Jawa Tengah;26/09/1994;Male;verified;24/07/2024;REF-7518
NBC0945;Fitri Aditya;337426******;fitri.aditya787@gmail.com;88029161746;Tangerang;Banten;12/04/2002;Female;verified;25/03/2022;
NBC0946;Endra Budiman;337425******;endra.budiman967@gmail.com;83384196622;Medan;Sumatera Utara;15/06/2000;Male;unverified;16/06/2022;
NBC0947;Fajar Yudha;127111******;fajar.yudha514@gmail.com;83685667063;Banjarmasin;Kalimantan Selatan;03/09/1992;Male;pending;10/11/2022;REF-9390
NBC0948;Zahra Salim;317148******;zahra.salim596@outlook.com;83407663493;Bandung;Jawa Barat;29/01/1985;Female;verified;03/05/2024;REF-5952
NBC0949;Anita Maulana;127134******;anita.maulana133@yahoo.com;85261142436;Semarang;Jawa Tengah;06/11/2004;Female;verified;09/10/2022;
NBC0950;Sinta Ramadhan;347196******;sinta.ramadhan155@gmail.com;88880879919;Malang;Jawa Timur;13/04/1993;Female;verified;30/10/2022;REF-6097
NBC0951;Winda Setiawan;517183******;winda.setiawan700@hotmail.com;83338532472;Jakarta;DKI Jakarta;27/05/1991;Female;pending;28/04/2022;REF-4864
NBC0952;Oka Suryadi;317198******;oka.suryadi247@gmail.com;81587605457;Manado;Sulawesi Utara;06/07/1992;Male;unverified;05/07/2023;REF-8430
NBC0953;Cahyo Iskandar;357835******;cahyo.iskandar370@yahoo.com;85597466986;Surabaya;Jawa Timur;07/11/1977;Male;pending;01/06/2024;REF-5593
NBC0954;Joko Mahendra;347157******;joko.mahendra23@gmail.com;87594815269;Jakarta;DKI Jakarta;25/05/1981;Male;verified;24/10/2023;
NBC0955;Yusuf Wardana;347167******;yusuf.wardana187@gmail.com;82074235914;Bali;Bali;23/02/1983;Male;pending;28/02/2024;REF-5684
NBC0956;Yoga Susanto;167184******;yoga.susanto201@yahoo.com;82614543079;Surabaya;Jawa Timur;05/07/1993;Male;verified;27/03/2023;REF-8502
NBC0957;Arif Saputra;317178******;arif.saputra662@gmail.com;85852211587;Jakarta;DKI Jakarta;22/02/1979;Male;verified;30/07/2023;REF-4426
NBC0958;Yoga Iskandar;327365******;yoga.iskandar911@hotmail.com;83470173208;Bali;Bali;07/06/1993;Male;verified;01/12/2023;
NBC0959;Nadia Halim;127167******;nadia.halim136@hotmail.com;85563370140;Pontianak;Kalimantan Barat;19/12/2003;Female;pending;06/04/2022;
NBC0960;Yuni Hidayat;127178******;yuni.hidayat65@gmail.com;83580002722;Bali;Bali;12/12/1977;Female;rejected;26/09/2023;REF-8587
NBC0961;Laras Sugiarto;327513******;laras.sugiarto619@outlook.com;82913681720;Jakarta;DKI Jakarta;26/11/1983;Female;verified;07/09/2022;REF-6666
NBC0962;Hadi Budiman;327532******;hadi.budiman929@gmail.com;87297352595;Surabaya;Jawa Timur;28/07/2004;Male;verified;13/03/2023;
NBC0963;Hadi Halim;337499******;hadi.halim631@yahoo.com;87992045735;Jakarta;DKI Jakarta;11/02/1985;Male;verified;22/09/2022;REF-7993
NBC0964;Vino Wijaya;127160******;vino.wijaya94@gmail.com;87708269718;Surabaya;Jawa Timur;08/02/1982;Male;verified;14/02/2023;REF-2616
NBC0965;Fajar Hidayat;327522******;fajar.hidayat363@yahoo.com;87821764846;Bandung;Jawa Barat;18/06/1996;Male;pending;15/02/2023;REF-5303
NBC0966;Luki Anwar;327328******;luki.anwar976@yahoo.com;88801944258;Jakarta;DKI Jakarta;26/01/2005;Male;verified;12/11/2022;
NBC0967;Umi Permana;327355******;umi.permana415@gmail.com;85295350637;Bandung;Jawa Barat;22/12/1985;Female;rejected;17/05/2022;
NBC0968;Andi Iskandar;327597******;andi.iskandar813@hotmail.com;83130753841;Medan;Sumatera Utara;20/04/2004;Male;verified;26/10/2023;REF-2175
NBC0969;Yusuf Permana;327594******;yusuf.permana59@outlook.com;88639756154;Bali;Bali;11/05/1996;Male;unverified;03/04/2022;REF-5119
NBC0970;Kartika Kusuma;357821******;kartika.kusuma439@outlook.com;81195564091;Jakarta;DKI Jakarta;05/11/2000;Female;verified;09/02/2024;REF-4465
NBC0971;Erika Darmawan;357833******;erika.darmawan62@hotmail.com;81204262019;Bali;Bali;31/03/2004;Female;verified;13/10/2024;REF-2471
NBC0972;Bayu Suryadi;517141******;bayu.suryadi770@hotmail.com;87678976098;Surabaya;Jawa Timur;15/04/1996;Male;verified;18/03/2023;REF-7985
NBC0973;Ganesha Lestari;327187******;ganesha.lestari789@yahoo.com;82760759889;Pontianak;Kalimantan Barat;24/04/1996;Male;pending;20/01/2025;REF-4886
NBC0974;Maya Firmansyah;337424******;maya.firmansyah618@gmail.com;88654308952;Medan;Sumatera Utara;17/06/1985;Female;verified;13/09/2022;REF-3597
NBC0975;Bayu Rahman;317154******;bayu.rahman498@hotmail.com;83497470002;Jakarta;DKI Jakarta;17/11/1993;Male;verified;08/08/2024;REF-6065
NBC0976;Galih Zulkarnain;127161******;galih.zulkarnain305@hotmail.com;87741636560;Bali;Bali;11/07/1986;Male;verified;09/11/2023;REF-7663
NBC0977;Taufik Lestari;127135******;taufik.lestari39@hotmail.com;83969277119;Banjarmasin;Kalimantan Selatan;28/02/2004;Male;verified;04/01/2024;REF-7228
NBC0978;Luki Santoso;357885******;luki.santoso478@gmail.com;82551282763;Jakarta;DKI Jakarta;18/02/1994;Male;verified;06/09/2023;REF-2283
NBC0979;Prita Hakim;167189******;prita.hakim871@outlook.com;87654663454;Depok;Jawa Barat;08/02/1988;Female;verified;30/03/2023;REF-5217
NBC0980;Ulfa Sugiarto;327582******;ulfa.sugiarto951@yahoo.com;87344974394;Depok;Jawa Barat;22/05/1993;Female;verified;25/06/2023;REF-3807
NBC0981;Andi Mahendra;167163******;andi.mahendra132@hotmail.com;88398894132;Surabaya;Jawa Timur;25/08/1979;Male;rejected;17/01/2022;
NBC0982;Erika Nugroho;317198******;erika.nugroho178@gmail.com;85075485346;Jakarta;DKI Jakarta;15/08/1991;Female;verified;21/11/2023;REF-3161
NBC0983;Hani Wijaya;337411******;hani.wijaya44@outlook.com;83964612939;Surabaya;Jawa Timur;13/06/1977;Female;verified;26/02/2022;REF-6828
NBC0984;Hendra Sugiarto;337469******;hendra.sugiarto342@hotmail.com;83896359570;Surabaya;Jawa Timur;30/11/1999;Male;verified;31/05/2024;
NBC0985;Maulana Anwar;327143******;maulana.anwar723@outlook.com;87434566311;Padang;Sumatera Barat;29/12/1984;Male;verified;15/01/2025;REF-1787
NBC0986;Tika Permana;337462******;tika.permana162@yahoo.com;81334742463;Bandung;Jawa Barat;05/06/2004;Female;rejected;09/08/2022;REF-4800
NBC0987;Winda Yudha;167198******;winda.yudha691@hotmail.com;87008529469;Bandung;Jawa Barat;01/04/1977;Female;verified;10/11/2022;
NBC0988;Sinta Darmawan;127146******;sinta.darmawan66@hotmail.com;83304350238;Jakarta;DKI Jakarta;12/06/1991;Female;pending;07/04/2022;REF-5592
NBC0989;Umar Permana;127153******;umar.permana748@yahoo.com;82328293020;Semarang;Jawa Tengah;11/01/1981;Male;verified;08/11/2023;REF-2766
NBC0990;Budi Lestari;317138******;budi.lestari203@outlook.com;85771167507;Surabaya;Jawa Timur;23/02/1994;Male;verified;18/10/2022;
NBC0991;Yuni Ramadhan;337417******;yuni.ramadhan178@outlook.com;88530123984;Medan;Sumatera Utara;15/11/1996;Female;pending;16/12/2022;REF-4551
NBC0992;Gilang Wijaya;327379******;gilang.wijaya304@hotmail.com;81901722240;Yogyakarta;DI Yogyakarta;30/09/1991;Male;verified;30/04/2022;REF-7776
NBC0993;Rina Aditya;127123******;rina.aditya852@hotmail.com;88754619924;Jakarta;DKI Jakarta;30/03/1977;Female;verified;02/03/2024;REF-9873
NBC0994;Dedi Hidayat;127190******;dedi.hidayat152@outlook.com;87122590956;Semarang;Jawa Tengah;06/09/1992;Male;pending;29/12/2024;REF-5173
NBC0995;Yanti Hidayat;337472******;yanti.hidayat256@yahoo.com;85912121101;Jakarta;DKI Jakarta;25/10/1998;Female;unverified;26/07/2024;
NBC0996;Bambang Rahman;167163******;bambang.rahman827@gmail.com;88170740392;Jakarta;DKI Jakarta;24/10/1990;Male;verified;01/08/2022;REF-5125
NBC0997;Kartika Ramadhan;327173******;kartika.ramadhan105@yahoo.com;82276433872;Depok;Jawa Barat;03/05/1982;Female;verified;13/02/2022;REF-5739
NBC0998;Fajar Tanjung;327358******;fajar.tanjung696@outlook.com;88496330833;Jakarta;DKI Jakarta;02/01/1988;Male;rejected;26/08/2023;REF-1303
NBC0999;Jaka Darmawan;167186******;jaka.darmawan595@outlook.com;81470205968;Bali;Bali;12/09/2005;Male;pending;17/12/2023;REF-6131
NBC1000;Arif Halim;127142******;arif.halim639@yahoo.com;85632956342;Jakarta;DKI Jakarta;17/04/1995;Male;pending;16/10/2024;REF-3793
